-- phpMyAdmin SQL Dump
-- version 4.8.0
-- https://www.phpmyadmin.net/
--
-- Host: localhost
-- Generation Time: Oct 24, 2018 at 10:44 AM
-- Server version: 10.1.31-MariaDB
-- PHP Version: 7.2.4

SET SQL_MODE = "NO_AUTO_VALUE_ON_ZERO";
SET AUTOCOMMIT = 0;
START TRANSACTION;
SET time_zone = "+00:00";


/*!40101 SET @OLD_CHARACTER_SET_CLIENT=@@CHARACTER_SET_CLIENT */;
/*!40101 SET @OLD_CHARACTER_SET_RESULTS=@@CHARACTER_SET_RESULTS */;
/*!40101 SET @OLD_COLLATION_CONNECTION=@@COLLATION_CONNECTION */;
/*!40101 SET NAMES utf8mb4 */;

--
-- Database: `ahp`
--

-- --------------------------------------------------------

--
-- Table structure for table `absen`
--

CREATE TABLE `absen` (
  `id_absen` int(3) NOT NULL,
  `nama_absen` text NOT NULL,
  `jumlah_absen` decimal(18,16) NOT NULL,
  `ket_nil1` text NOT NULL,
  `ket_nil2` text NOT NULL,
  `ket_nil3` text NOT NULL,
  `ket_nil4` text NOT NULL,
  `ket_nil5` text NOT NULL
) ENGINE=InnoDB DEFAULT CHARSET=latin1;

--
-- Dumping data for table `absen`
--

INSERT INTO `absen` (`id_absen`, `nama_absen`, `jumlah_absen`, `ket_nil1`, `ket_nil2`, `ket_nil3`, `ket_nil4`, `ket_nil5`) VALUES
(1, 'Terlambat', '3.0541100000000000', '> 8x Per 6 bulan', '7 - 8x Per 6 Bulan', '3 - 6x Per 6 Bulan', '1 - 2x Per 6 Bulan', '0'),
(2, 'Ijin Prive', '0.9618000000000000', '> 6x Per 6 Bulan', '5 - 6x Per 6 Bulan', '3 - 4x Per 6 Bulan', '1 -2x Per 6 Bulan', '0'),
(3, 'Mangkir', '0.2895200000000000', '> 3x Per 6 Bulan', '3x Per 6 Bulan', '2x Per 6 Bulan', '1x Per 6 Bulan', '0');

-- --------------------------------------------------------

--
-- Table structure for table `absen_karyawan`
--

CREATE TABLE `absen_karyawan` (
  `id_absen` int(3) NOT NULL,
  `id_karyawan` int(11) NOT NULL,
  `nilai_absen` double NOT NULL
) ENGINE=InnoDB DEFAULT CHARSET=latin1;

--
-- Dumping data for table `absen_karyawan`
--

INSERT INTO `absen_karyawan` (`id_absen`, `id_karyawan`, `nilai_absen`) VALUES
(1, 12, 100),
(2, 12, 80),
(3, 12, 40),
(1, 16, 80),
(2, 16, 60),
(3, 16, 100),
(1, 43, 100),
(2, 43, 80),
(3, 43, 60),
(1, 63, 60),
(2, 63, 100),
(3, 63, 100),
(1, 123, 100),
(2, 123, 80),
(3, 123, 60),
(1, 133, 100),
(2, 133, 100),
(3, 133, 100),
(1, 228, 80),
(2, 228, 100),
(3, 228, 100),
(1, 231, 60),
(2, 231, 100),
(3, 231, 100),
(1, 236, 100),
(2, 236, 100),
(3, 236, 100),
(1, 241, 80),
(2, 241, 60),
(3, 241, 100),
(1, 282, 80),
(2, 282, 100),
(3, 282, 100),
(1, 287, 100),
(2, 287, 100),
(3, 287, 100),
(1, 314, 100),
(2, 314, 80),
(3, 314, 60),
(1, 317, 100),
(2, 317, 80),
(3, 317, 60),
(1, 334, 100),
(2, 334, 80),
(3, 334, 100),
(1, 335, 100),
(2, 335, 80),
(3, 335, 100),
(1, 346, 60),
(2, 346, 80),
(3, 346, 100);

-- --------------------------------------------------------

--
-- Table structure for table `alternatif`
--

CREATE TABLE `alternatif` (
  `id_alternatif` int(11) NOT NULL,
  `nama_alternatif` varchar(255) NOT NULL,
  `hasil_alternatif` double NOT NULL
) ENGINE=InnoDB DEFAULT CHARSET=latin1;

-- --------------------------------------------------------

--
-- Table structure for table `analisa_absen`
--

CREATE TABLE `analisa_absen` (
  `absen_x` varchar(2) NOT NULL,
  `nilai_krit` float NOT NULL,
  `hasil_analis` double NOT NULL,
  `absen_y` varchar(2) NOT NULL
) ENGINE=InnoDB DEFAULT CHARSET=latin1;

--
-- Dumping data for table `analisa_absen`
--

INSERT INTO `analisa_absen` (`absen_x`, `nilai_krit`, `hasil_analis`, `absen_y`) VALUES
('1', 1, 0, '1'),
('1', 5, 0, '2'),
('1', 7, 0, '3'),
('2', 0.2, 0, '1'),
('2', 1, 0, '2'),
('2', 5, 0, '3'),
('3', 0.142857, 0, '1'),
('3', 0.2, 0, '2'),
('3', 1, 0, '3');

-- --------------------------------------------------------

--
-- Table structure for table `analisa_krit`
--

CREATE TABLE `analisa_krit` (
  `kriteria_x` varchar(2) NOT NULL,
  `nilai_krit` float NOT NULL,
  `hasil_analis` double NOT NULL,
  `kriteria_y` varchar(2) NOT NULL
) ENGINE=InnoDB DEFAULT CHARSET=latin1;

--
-- Dumping data for table `analisa_krit`
--

INSERT INTO `analisa_krit` (`kriteria_x`, `nilai_krit`, `hasil_analis`, `kriteria_y`) VALUES
('1', 1, 0, '1'),
('1', 7, 0, '2'),
('1', 0.142857, 0, '3'),
('1', 5, 0, '4'),
('1', 9, 0, '5'),
('2', 0.142857, 0, '1'),
('2', 1, 0, '2'),
('2', 0.111111, 0, '3'),
('2', 5, 0, '4'),
('2', 7, 0, '5'),
('3', 7, 0, '1'),
('3', 9, 0, '2'),
('3', 1, 0, '3'),
('3', 9, 0, '4'),
('3', 9, 0, '5'),
('4', 0.2, 0, '1'),
('4', 0.2, 0, '2'),
('4', 0.111111, 0, '3'),
('4', 1, 0, '4'),
('4', 1, 0, '5'),
('5', 0.111111, 0, '1'),
('5', 0.142857, 0, '2'),
('5', 0.111111, 0, '3'),
('5', 1, 0, '4'),
('5', 1, 0, '5');

-- --------------------------------------------------------

--
-- Table structure for table `anls_krit_kb`
--

CREATE TABLE `anls_krit_kb` (
  `kriteria_x` varchar(2) NOT NULL,
  `nilai_krit` float NOT NULL,
  `hasil_analis` double NOT NULL,
  `kriteria_y` varchar(2) NOT NULL
) ENGINE=InnoDB DEFAULT CHARSET=latin1;

--
-- Dumping data for table `anls_krit_kb`
--

INSERT INTO `anls_krit_kb` (`kriteria_x`, `nilai_krit`, `hasil_analis`, `kriteria_y`) VALUES
('1', 1, 0, '1'),
('1', 7, 0, '2'),
('1', 7, 0, '3'),
('1', 7, 0, '4'),
('1', 7, 0, '5'),
('2', 0.142857, 0, '1'),
('2', 1, 0, '2'),
('2', 7, 0, '3'),
('2', 7, 0, '4'),
('2', 7, 0, '5'),
('3', 0.142857, 0, '1'),
('3', 0.142857, 0, '2'),
('3', 1, 0, '3'),
('3', 7, 0, '4'),
('3', 7, 0, '5'),
('4', 0.142857, 0, '1'),
('4', 0.142857, 0, '2'),
('4', 0.142857, 0, '3'),
('4', 1, 0, '4'),
('4', 7, 0, '5'),
('5', 0.142857, 0, '1'),
('5', 0.142857, 0, '2'),
('5', 0.142857, 0, '3'),
('5', 0.142857, 0, '4'),
('5', 1, 0, '5');

-- --------------------------------------------------------

--
-- Table structure for table `anls_krit_op`
--

CREATE TABLE `anls_krit_op` (
  `kriteria_x` varchar(2) NOT NULL,
  `nilai_krit` float NOT NULL,
  `hasil_analis` double NOT NULL,
  `kriteria_y` varchar(2) NOT NULL
) ENGINE=InnoDB DEFAULT CHARSET=latin1;

--
-- Dumping data for table `anls_krit_op`
--

INSERT INTO `anls_krit_op` (`kriteria_x`, `nilai_krit`, `hasil_analis`, `kriteria_y`) VALUES
('1', 1, 0, '1'),
('1', 9, 0, '2'),
('1', 9, 0, '3'),
('1', 9, 0, '4'),
('1', 9, 0, '5'),
('2', 0.111111, 0, '1'),
('2', 1, 0, '2'),
('2', 9, 0, '3'),
('2', 9, 0, '4'),
('2', 9, 0, '5'),
('3', 0.111111, 0, '1'),
('3', 0.111111, 0, '2'),
('3', 1, 0, '3'),
('3', 9, 0, '4'),
('3', 9, 0, '5'),
('4', 0.111111, 0, '1'),
('4', 0.111111, 0, '2'),
('4', 0.111111, 0, '3'),
('4', 1, 0, '4'),
('4', 9, 0, '5'),
('5', 0.111111, 0, '1'),
('5', 0.111111, 0, '2'),
('5', 0.111111, 0, '3'),
('5', 0.111111, 0, '4'),
('5', 1, 0, '5');

-- --------------------------------------------------------

--
-- Table structure for table `bagian_divisi`
--

CREATE TABLE `bagian_divisi` (
  `id_bagian` int(3) NOT NULL,
  `unique_bagian` text NOT NULL
) ENGINE=InnoDB DEFAULT CHARSET=latin1;

--
-- Dumping data for table `bagian_divisi`
--

INSERT INTO `bagian_divisi` (`id_bagian`, `unique_bagian`) VALUES
(1, 'Produksi-PM5'),
(2, 'Produksi-PM6'),
(3, 'Produksi-PM9'),
(4, 'Laborat'),
(5, 'Teknisi-PM5'),
(6, 'Teknisi-PM9'),
(7, 'Kiriman'),
(8, 'Gudang-Barang-Jadi'),
(9, 'Finishing-I'),
(10, 'PPIC'),
(11, 'Research-Development'),
(12, 'PSML'),
(13, 'Cost-Control'),
(14, 'Finance'),
(15, 'Gudang-Sparepart'),
(16, 'Pengadaan'),
(17, 'Boiler-dan-Utility'),
(18, 'Listrik'),
(19, 'Instrument'),
(20, 'Patrol-Man-PM5/6/9'),
(21, 'Internal'),
(22, 'UPL'),
(23, 'Stock-Prep-PM5'),
(24, 'Stock-Prep-PM6'),
(25, 'Stock-Prep-PM9'),
(26, 'Forklift'),
(27, 'HR-GA'),
(28, 'Finishing-II'),
(29, 'Teknisi-PM6'),
(30, 'Additive');

-- --------------------------------------------------------

--
-- Table structure for table `detail_karyawan`
--

CREATE TABLE `detail_karyawan` (
  `id_kriteria` int(3) NOT NULL,
  `id_karyawan` int(11) NOT NULL,
  `nilai_kriteria` double NOT NULL
) ENGINE=InnoDB DEFAULT CHARSET=latin1;

--
-- Dumping data for table `detail_karyawan`
--

INSERT INTO `detail_karyawan` (`id_kriteria`, `id_karyawan`, `nilai_kriteria`) VALUES
(1, 12, 80),
(2, 12, 60),
(3, 12, 80),
(4, 12, 100),
(5, 12, 40),
(1, 16, 40),
(2, 16, 60),
(3, 16, 80),
(4, 16, 100),
(5, 16, 100),
(1, 282, 60),
(2, 282, 80),
(3, 282, 100),
(4, 282, 80),
(5, 282, 100),
(1, 287, 80),
(2, 287, 100),
(3, 287, 80),
(4, 287, 100),
(5, 287, 100),
(1, 43, 80),
(2, 43, 60),
(3, 43, 100),
(4, 43, 80),
(5, 43, 80),
(1, 314, 100),
(2, 314, 100),
(3, 314, 100),
(4, 314, 100),
(5, 314, 100),
(1, 317, 40),
(2, 317, 60),
(3, 317, 80),
(4, 317, 100),
(5, 317, 100),
(1, 63, 80),
(2, 63, 60),
(3, 63, 100),
(4, 63, 100),
(5, 63, 80),
(1, 334, 100),
(2, 334, 80),
(3, 334, 100),
(4, 334, 100),
(5, 334, 100),
(1, 335, 100),
(2, 335, 100),
(3, 335, 100),
(4, 335, 100),
(5, 335, 100),
(1, 346, 100),
(2, 346, 100),
(3, 346, 80),
(4, 346, 100),
(5, 346, 80),
(1, 123, 60),
(2, 123, 100),
(3, 123, 100),
(4, 123, 100),
(5, 123, 100),
(1, 133, 100),
(2, 133, 60),
(3, 133, 80),
(4, 133, 100),
(5, 133, 60),
(1, 228, 80),
(2, 228, 100),
(3, 228, 100),
(4, 228, 40),
(5, 228, 100),
(1, 231, 100),
(2, 231, 100),
(3, 231, 100),
(4, 231, 100),
(5, 231, 60),
(1, 236, 20),
(2, 236, 100),
(3, 236, 100),
(4, 236, 100),
(5, 236, 100),
(1, 241, 100),
(2, 241, 60),
(3, 241, 100),
(4, 241, 100),
(5, 241, 100);

-- --------------------------------------------------------

--
-- Table structure for table `jabatan`
--

CREATE TABLE `jabatan` (
  `id_jabatan` int(3) NOT NULL,
  `unique_jabatan` text NOT NULL,
  `alias_jabatan` text NOT NULL
) ENGINE=InnoDB DEFAULT CHARSET=latin1;

--
-- Dumping data for table `jabatan`
--

INSERT INTO `jabatan` (`id_jabatan`, `unique_jabatan`, `alias_jabatan`) VALUES
(1, 'Manajer', 'Manajer/ Kepala Bagian'),
(2, 'Kabid', 'Kepala Bidang'),
(3, 'Staff', 'Staff'),
(4, 'Pengawas', 'Pengawas'),
(5, 'Kashift', 'Kepala/ Wakil Kepala Shift'),
(6, 'Operator', 'Operator');

-- --------------------------------------------------------

--
-- Table structure for table `karyawan`
--

CREATE TABLE `karyawan` (
  `id_karyawan` int(11) NOT NULL,
  `no_karyawan` text NOT NULL,
  `nama_karyawan` text NOT NULL,
  `tempat_lahir` text NOT NULL,
  `tanggal_lahir` date NOT NULL,
  `jenis_kelamin` text NOT NULL,
  `jabatan` text NOT NULL,
  `divisi` text NOT NULL,
  `tanggal_masuk` date NOT NULL,
  `pendidikan` text NOT NULL,
  `nilai` int(11) NOT NULL,
  `absen` int(11) NOT NULL,
  `final_nilai` decimal(8,6) NOT NULL,
  `final_absen` decimal(8,6) NOT NULL,
  `final_total` decimal(8,6) NOT NULL,
  `created_by` text NOT NULL,
  `ip_access` text NOT NULL
) ENGINE=InnoDB DEFAULT CHARSET=latin1;

--
-- Dumping data for table `karyawan`
--

INSERT INTO `karyawan` (`id_karyawan`, `no_karyawan`, `nama_karyawan`, `tempat_lahir`, `tanggal_lahir`, `jenis_kelamin`, `jabatan`, `divisi`, `tanggal_masuk`, `pendidikan`, `nilai`, `absen`, `final_nilai`, `final_absen`, `final_total`, `created_by`, `ip_access`) VALUES
(1, '05361', 'Abidin', '', '0000-00-00', 'Laki-Laki', 'Operator', 'Laborat', '0000-00-00', 'SD', 0, 0, '0.000000', '0.000000', '0.000000', '', ''),
(4, '04595', 'Agung Sutrisno', '', '0000-00-00', '', 'Operator', 'Laborat', '0000-00-00', '', 0, 0, '0.000000', '0.000000', '0.000000', '', ''),
(5, '05915', 'Agus Yulianto', '', '0000-00-00', '', 'Operator', 'Laborat', '0000-00-00', '', 0, 0, '0.000000', '0.000000', '0.000000', '', ''),
(6, '93099', 'Arif Mulyadi', '', '0000-00-00', '', 'Operator', 'Laborat', '0000-00-00', '', 0, 0, '0.000000', '0.000000', '0.000000', '', ''),
(7, '06265', 'Daimah', '', '0000-00-00', '', 'Pengawas', 'Laborat', '0000-00-00', '', 0, 0, '0.000000', '0.000000', '0.000000', '', ''),
(8, '10500', 'Dedi Purnomo', '', '0000-00-00', '', 'Operator', 'Laborat', '0000-00-00', '', 0, 0, '0.000000', '0.000000', '0.000000', '', ''),
(9, '93111', 'Eka Firdiansyah', '', '0000-00-00', '', 'Operator', 'Laborat', '0000-00-00', '', 0, 0, '0.000000', '0.000000', '0.000000', '', ''),
(10, '05135', 'Hardono', '', '0000-00-00', '', 'Operator', 'Laborat', '0000-00-00', '', 0, 0, '0.000000', '0.000000', '0.000000', '', ''),
(11, '06868', 'Hartini', '', '0000-00-00', '', 'Operator', 'Laborat', '0000-00-00', '', 0, 0, '0.000000', '0.000000', '0.000000', '', ''),
(12, '10977', 'Hendra Hermawan', '', '0000-00-00', '', 'Manajer', 'Laborat', '0000-00-00', '', 72, 73, '0.385000', '0.248000', '0.330000', '', ''),
(13, '07788', 'Jamisih', '', '0000-00-00', '', 'Operator', 'Laborat', '0000-00-00', '', 0, 0, '0.000000', '0.000000', '0.000000', '', ''),
(14, '06556', 'Joko Indarto', '', '0000-00-00', '', 'Kabid', 'Laborat', '0000-00-00', '', 0, 0, '0.000000', '0.000000', '0.000000', '', ''),
(15, '03561', 'Kusno Sajarwo', '', '0000-00-00', '', 'Kabid', 'Laborat', '0000-00-00', '', 0, 0, '0.000000', '0.000000', '0.000000', '', ''),
(16, '04588', 'Liana Sari', '', '0000-00-00', '', 'Manajer', 'Laborat', '0000-00-00', '', 76, 80, '0.337000', '0.208000', '0.285000', '', ''),
(17, '09249', 'Moch. Soleh', '', '0000-00-00', '', 'Operator', 'Laborat', '0000-00-00', '', 0, 0, '0.000000', '0.000000', '0.000000', '', ''),
(18, '07097', 'Moh Zaenuri', '', '0000-00-00', '', 'Operator', 'Laborat', '0000-00-00', '', 0, 0, '0.000000', '0.000000', '0.000000', '', ''),
(19, '04224', 'Mohammad Juli', '', '0000-00-00', '', 'Operator', 'Laborat', '0000-00-00', '', 0, 0, '0.000000', '0.000000', '0.000000', '', ''),
(20, '06937', 'Purwaningsih', '', '0000-00-00', '', 'Operator', 'Laborat', '0000-00-00', '', 0, 0, '0.000000', '0.000000', '0.000000', '', ''),
(21, '00909', 'Ramelan', '', '0000-00-00', '', 'Operator', 'Laborat', '0000-00-00', '', 0, 0, '0.000000', '0.000000', '0.000000', '', ''),
(22, '09794', 'Santosa Susilo Utoyo', '', '0000-00-00', '', 'Operator', 'Laborat', '0000-00-00', '', 0, 0, '0.000000', '0.000000', '0.000000', '', ''),
(23, '05802', 'Subchan', '', '0000-00-00', '', 'Operator', 'Laborat', '0000-00-00', '', 0, 0, '0.000000', '0.000000', '0.000000', '', ''),
(24, '05803', 'Sugeng Subagyo', '', '0000-00-00', '', 'Operator', 'Laborat', '0000-00-00', '', 0, 0, '0.000000', '0.000000', '0.000000', '', ''),
(25, '05934', 'Sulistiyono', '', '0000-00-00', '', 'Operator', 'Laborat', '0000-00-00', '', 0, 0, '0.000000', '0.000000', '0.000000', '', ''),
(26, '05851', 'Suprapto', '', '0000-00-00', '', 'Operator', 'Laborat', '0000-00-00', '', 0, 0, '0.000000', '0.000000', '0.000000', '', ''),
(27, '05537', 'Supriyatin', '', '0000-00-00', '', 'Kabid', 'Laborat', '0000-00-00', '', 0, 0, '0.000000', '0.000000', '0.000000', '', ''),
(28, '05391', 'Suranto', '', '0000-00-00', '', 'Operator', 'Laborat', '0000-00-00', '', 0, 0, '0.000000', '0.000000', '0.000000', '', ''),
(29, '06387', 'Sutarno', '', '0000-00-00', '', 'Operator', 'Laborat', '0000-00-00', '', 0, 0, '0.000000', '0.000000', '0.000000', '', ''),
(30, '94316', 'Suwandi', '', '0000-00-00', '', 'Operator', 'Laborat', '0000-00-00', '', 0, 0, '0.000000', '0.000000', '0.000000', '', ''),
(31, '10502', 'Tomy Raharjo', '', '0000-00-00', '', 'Operator', 'Laborat', '0000-00-00', '', 0, 0, '0.000000', '0.000000', '0.000000', '', ''),
(32, '10499', 'Tri Feri Sasmita', '', '0000-00-00', '', 'Kabid', 'Laborat', '0000-00-00', '', 0, 0, '0.000000', '0.000000', '0.000000', '', ''),
(33, '05651', 'Tri Warno', '', '0000-00-00', '', 'Operator', 'Laborat', '0000-00-00', '', 0, 0, '0.000000', '0.000000', '0.000000', '', ''),
(34, '03658', 'Umi Jarodah', '', '0000-00-00', '', 'Operator', 'Laborat', '0000-00-00', '', 0, 0, '0.000000', '0.000000', '0.000000', '', ''),
(35, '09344', 'Urip Ida Ningrum', '', '0000-00-00', '', 'Operator', 'Laborat', '0000-00-00', '', 0, 0, '0.000000', '0.000000', '0.000000', '', ''),
(36, '10501', 'Widi Sasmita', '', '0000-00-00', '', 'Operator', 'Laborat', '0000-00-00', '', 0, 0, '0.000000', '0.000000', '0.000000', '', ''),
(37, '05472', 'Yusuf Amirullah', '', '0000-00-00', '', 'Kabid', 'Laborat', '0000-00-00', '', 0, 0, '0.000000', '0.000000', '0.000000', '', ''),
(38, '04635', 'BUDIYONO', '', '0000-00-00', '', 'Operator ', 'HR-GA', '0000-00-00', '', 0, 0, '0.000000', '0.000000', '0.000000', '', ''),
(39, '03047', 'CASIM', '', '0000-00-00', '', 'Pengawas', 'HR-GA', '0000-00-00', '', 0, 0, '0.000000', '0.000000', '0.000000', '', ''),
(40, '02830', 'KASDONO', '', '0000-00-00', '', 'Staff', 'HR-GA', '0000-00-00', '', 0, 0, '0.000000', '0.000000', '0.000000', '', ''),
(41, '02330', 'SABARYANTO', '', '0000-00-00', '', 'Pengawas', 'HR-GA', '0000-00-00', '', 0, 0, '0.000000', '0.000000', '0.000000', '', ''),
(42, '10782', 'SUSANTO APRIL WIBOWO', '', '0000-00-00', '', 'Pengawas', 'HR-GA', '0000-00-00', '', 0, 0, '0.000000', '0.000000', '0.000000', '', ''),
(43, '12097', 'CORNELIUS TRI SATYO NUGROHO', '', '0000-00-00', '', 'Manajer', 'HR-GA', '0000-00-00', '', 80, 80, '0.442000', '0.251000', '0.366000', '', ''),
(45, '09848', 'BAMBANG BUDI UTOMO', '', '0000-00-00', '', 'Operator ', 'Teknisi-PM6', '0000-00-00', '', 0, 0, '0.000000', '0.000000', '0.000000', '', ''),
(46, '92776', 'DAIMAN', '', '0000-00-00', '', 'Operator ', 'Teknisi-PM6', '0000-00-00', '', 0, 0, '0.000000', '0.000000', '0.000000', '', ''),
(47, '11247', 'DANANG SETIAWAN', '', '0000-00-00', '', 'Operator ', 'Teknisi-PM6', '0000-00-00', '', 0, 0, '0.000000', '0.000000', '0.000000', '', ''),
(48, '09850', 'EDHI', '', '0000-00-00', '', 'Operator ', 'Teknisi-PM6', '0000-00-00', '', 0, 0, '0.000000', '0.000000', '0.000000', '', ''),
(49, '05840', 'GIMAN', '', '0000-00-00', '', 'Kabid', 'Teknisi-PM6', '0000-00-00', '', 0, 0, '0.000000', '0.000000', '0.000000', '', ''),
(50, '09695', 'SATRIA TUNGGAL', '', '0000-00-00', '', 'Operator ', 'Teknisi-PM6', '0000-00-00', '', 0, 0, '0.000000', '0.000000', '0.000000', '', ''),
(51, '05304', 'SELAMET SUGIONO', '', '0000-00-00', '', 'Kashift', 'Teknisi-PM6', '0000-00-00', '', 0, 0, '0.000000', '0.000000', '0.000000', '', ''),
(52, '05306', 'SODIKAN', '', '0000-00-00', '', 'Kashift', 'Teknisi-PM6', '0000-00-00', '', 0, 0, '0.000000', '0.000000', '0.000000', '', ''),
(53, '09697', 'SUGENG', '', '0000-00-00', '', 'Operator ', 'Teknisi-PM6', '0000-00-00', '', 0, 0, '0.000000', '0.000000', '0.000000', '', ''),
(54, '05530', 'ACHMAD YUSUF', '', '0000-00-00', '', 'Kashift', 'Teknisi-PM5', '0000-00-00', '', 0, 0, '0.000000', '0.000000', '0.000000', '', ''),
(55, '05029', 'AGUNG SUTIYONO', '', '0000-00-00', '', 'Operator ', 'Teknisi-PM5', '0000-00-00', '', 0, 0, '0.000000', '0.000000', '0.000000', '', ''),
(56, '92782', 'HETTI MAULUTI NINGTIAS', '', '0000-00-00', '', 'Staff', 'Teknisi-PM5', '0000-00-00', '', 0, 0, '0.000000', '0.000000', '0.000000', '', ''),
(57, '04438', 'JAMARI', '', '0000-00-00', '', 'Operator ', 'Teknisi-PM5', '0000-00-00', '', 0, 0, '0.000000', '0.000000', '0.000000', '', ''),
(58, '02613', 'JASRI', '', '0000-00-00', '', 'Kabid', 'Teknisi-PM5', '0000-00-00', '', 0, 0, '0.000000', '0.000000', '0.000000', '', ''),
(59, '05649', 'KOTIM', '', '0000-00-00', '', 'Staff', 'Teknisi-PM5', '0000-00-00', '', 0, 0, '0.000000', '0.000000', '0.000000', '', ''),
(60, '05202', 'MOHAMMAD CHOLIK', '', '0000-00-00', '', 'Kashift', 'Teknisi-PM5', '0000-00-00', '', 0, 0, '0.000000', '0.000000', '0.000000', '', ''),
(61, '09694', 'MUCHAMAD MURSIDI', '', '0000-00-00', '', 'Operator ', 'Teknisi-PM5', '0000-00-00', '', 0, 0, '0.000000', '0.000000', '0.000000', '', ''),
(62, '03940', 'MUNASIR', '', '0000-00-00', '', 'Kashift', 'Teknisi-PM5', '0000-00-00', '', 0, 0, '0.000000', '0.000000', '0.000000', '', ''),
(63, '03009', 'SECO JATMIKO', '', '0000-00-00', '', 'Manajer', 'Teknisi-PM5', '0000-00-00', '', 84, 87, '0.445000', '0.195000', '0.345000', '', ''),
(64, '03959', 'SUMARDI', '', '0000-00-00', '', 'Kashift', 'Teknisi-PM5', '0000-00-00', '', 0, 0, '0.000000', '0.000000', '0.000000', '', ''),
(65, '05473', 'SUYATNO', '', '0000-00-00', '', 'Operator ', 'Teknisi-PM5', '0000-00-00', '', 0, 0, '0.000000', '0.000000', '0.000000', '', ''),
(66, '09696', 'TEGUH PRASETYO J', '', '0000-00-00', '', 'Operator ', 'Teknisi-PM5', '0000-00-00', '', 0, 0, '0.000000', '0.000000', '0.000000', '', ''),
(67, '93102', 'ADY NUGROHO', '', '0000-00-00', '', 'Operator ', 'Produksi-PM9', '0000-00-00', '', 0, 0, '0.000000', '0.000000', '0.000000', '', ''),
(68, '10363', 'AGUNG SISWANTO', '', '0000-00-00', '', 'Pengawas', 'Produksi-PM9', '0000-00-00', '', 0, 0, '0.000000', '0.000000', '0.000000', '', ''),
(69, '93101', 'AGUS SUPRIYONO', '', '0000-00-00', '', 'Operator ', 'Produksi-PM9', '0000-00-00', '', 0, 0, '0.000000', '0.000000', '0.000000', '', ''),
(70, '10152', 'EDY PURWANTO', '', '0000-00-00', '', 'Kashift', 'Produksi-PM9', '0000-00-00', '', 0, 0, '0.000000', '0.000000', '0.000000', '', ''),
(71, '10360', 'HARIYONO', '', '0000-00-00', '', 'Operator ', 'Produksi-PM9', '0000-00-00', '', 0, 0, '0.000000', '0.000000', '0.000000', '', ''),
(72, '09847', 'IMAM JATMIKO', '', '0000-00-00', '', 'Operator ', 'Produksi-PM9', '0000-00-00', '', 0, 0, '0.000000', '0.000000', '0.000000', '', ''),
(73, '93103', 'IWAN MAULANA', '', '0000-00-00', '', 'Operator ', 'Produksi-PM9', '0000-00-00', '', 0, 0, '0.000000', '0.000000', '0.000000', '', ''),
(74, '04980', 'KUSAENI', '', '0000-00-00', '', 'Kashift', 'Produksi-PM9', '0000-00-00', '', 0, 0, '0.000000', '0.000000', '0.000000', '', ''),
(75, '05389', 'KUSMANTO', '', '0000-00-00', '', 'Operator', 'Produksi-PM9', '0000-00-00', '', 0, 0, '0.000000', '0.000000', '0.000000', '', ''),
(76, '05842', 'LANGGENG SANTOSO', '', '0000-00-00', '', 'Operator ', 'Produksi-PM9', '0000-00-00', '', 0, 0, '0.000000', '0.000000', '0.000000', '', ''),
(77, '05655', 'MAKSUM', '', '0000-00-00', '', 'Operator', 'Produksi-PM9', '0000-00-00', '', 0, 0, '0.000000', '0.000000', '0.000000', '', ''),
(78, '05479', 'MASROH', '', '0000-00-00', '', 'Operator', 'Produksi-PM9', '0000-00-00', '', 0, 0, '0.000000', '0.000000', '0.000000', '', ''),
(79, '94315', 'MUHAMMAD ARIF BUDI SANTOSO', '', '0000-00-00', '', 'Operator ', 'Produksi-PM9', '0000-00-00', '', 0, 0, '0.000000', '0.000000', '0.000000', '', ''),
(80, '05275', 'MUKLIS', '', '0000-00-00', '', 'Kabid ', 'Produksi-PM9', '0000-00-00', '', 0, 0, '0.000000', '0.000000', '0.000000', '', ''),
(81, '10411', 'NOOR SASI KIRANA', '', '0000-00-00', '', 'Operator ', 'Produksi-PM9', '0000-00-00', '', 0, 0, '0.000000', '0.000000', '0.000000', '', ''),
(82, '05287', 'SABAR', '', '0000-00-00', '', 'Kashift', 'Produksi-PM9', '0000-00-00', '', 0, 0, '0.000000', '0.000000', '0.000000', '', ''),
(83, '06044', 'SAMUEL SUTIYONO', '', '0000-00-00', '', 'Operator ', 'Produksi-PM9', '0000-00-00', '', 0, 0, '0.000000', '0.000000', '0.000000', '', ''),
(84, '04979', 'SARMIJAN', '', '0000-00-00', '', 'Kashift', 'Produksi-PM9', '0000-00-00', '', 0, 0, '0.000000', '0.000000', '0.000000', '', ''),
(85, '06898', 'SATRIMO', '', '0000-00-00', '', 'Operator ', 'Produksi-PM9', '0000-00-00', '', 0, 0, '0.000000', '0.000000', '0.000000', '', ''),
(86, '05930', 'SELAMET', '', '0000-00-00', '', 'Operator ', 'Produksi-PM9', '0000-00-00', '', 0, 0, '0.000000', '0.000000', '0.000000', '', ''),
(87, '04964', 'SUGIYANTORO', '', '0000-00-00', '', 'Operator ', 'Produksi-PM9', '0000-00-00', '', 0, 0, '0.000000', '0.000000', '0.000000', '', ''),
(88, '05316', 'SUKAMTO', '', '0000-00-00', '', 'Operator ', 'Produksi-PM9', '0000-00-00', '', 0, 0, '0.000000', '0.000000', '0.000000', '', ''),
(89, '10302', 'SULISTIYANTO', '', '0000-00-00', '', 'Kashift', 'Produksi-PM9', '0000-00-00', '', 0, 0, '0.000000', '0.000000', '0.000000', '', ''),
(90, '04575', 'SUSILO', '', '0000-00-00', '', 'Operator ', 'Produksi-PM9', '0000-00-00', '', 0, 0, '0.000000', '0.000000', '0.000000', '', ''),
(91, '93100', 'SUTARNO', '', '0000-00-00', '', 'Operator ', 'Produksi-PM9', '0000-00-00', '', 0, 0, '0.000000', '0.000000', '0.000000', '', ''),
(92, '05908', 'SUWARNO', '', '0000-00-00', '', 'Kashift', 'Produksi-PM9', '0000-00-00', '', 0, 0, '0.000000', '0.000000', '0.000000', '', ''),
(93, '04639', 'TAMZIS', '', '0000-00-00', '', 'Kabid', 'Produksi-PM9', '0000-00-00', '', 0, 0, '0.000000', '0.000000', '0.000000', '', ''),
(94, '10361', 'TUGINO', '', '0000-00-00', '', 'Operator ', 'Produksi-PM9', '0000-00-00', '', 0, 0, '0.000000', '0.000000', '0.000000', '', ''),
(95, '04724', 'WARTONO', '', '0000-00-00', '', 'Operator ', 'Produksi-PM9', '0000-00-00', '', 0, 0, '0.000000', '0.000000', '0.000000', '', ''),
(96, '07508', 'WIHANI', '', '0000-00-00', '', 'Staff', 'Produksi-PM9', '0000-00-00', '', 0, 0, '0.000000', '0.000000', '0.000000', '', ''),
(97, '09771', 'AGUS SULYADI', '', '0000-00-00', '', 'Operator ', 'Produksi-PM5', '0000-00-00', '', 0, 0, '0.000000', '0.000000', '0.000000', '', ''),
(98, '09769', 'AHMAD SHOLIQIN', '', '0000-00-00', '', 'Kashift', 'Produksi-PM5', '0000-00-00', '', 0, 0, '0.000000', '0.000000', '0.000000', '', ''),
(99, '05641', 'AIDIN', '', '0000-00-00', '', 'Operator ', 'Produksi-PM5', '0000-00-00', '', 0, 0, '0.000000', '0.000000', '0.000000', '', ''),
(100, '93119', 'DIDIK ERMAWAN', '', '0000-00-00', '', 'Operator ', 'Produksi-PM5', '0000-00-00', '', 0, 0, '0.000000', '0.000000', '0.000000', '', ''),
(101, '05526', 'FALKAN', '', '0000-00-00', '', 'Kashift', 'Produksi-PM5', '0000-00-00', '', 0, 0, '0.000000', '0.000000', '0.000000', '', ''),
(102, '93122', 'FARIKUL HUDA', '', '0000-00-00', '', 'Operator ', 'Produksi-PM5', '0000-00-00', '', 0, 0, '0.000000', '0.000000', '0.000000', '', ''),
(103, '93104', 'MAS ADI', '', '0000-00-00', '', 'Operator ', 'Produksi-PM5', '0000-00-00', '', 0, 0, '0.000000', '0.000000', '0.000000', '', ''),
(104, '05643', 'MASLIKUN', '', '0000-00-00', '', 'Operator ', 'Produksi-PM5', '0000-00-00', '', 0, 0, '0.000000', '0.000000', '0.000000', '', ''),
(105, '06472', 'MUDO DINARKO', '', '0000-00-00', '', 'Operator ', 'Produksi-PM5', '0000-00-00', '', 0, 0, '0.000000', '0.000000', '0.000000', '', ''),
(106, '04986', 'MULYONO', '', '0000-00-00', '', 'Kashift', 'Produksi-PM5', '0000-00-00', '', 0, 0, '0.000000', '0.000000', '0.000000', '', ''),
(107, '05736', 'NOOR IPAH', '', '0000-00-00', '', 'Staff', 'Produksi-PM5', '0000-00-00', '', 0, 0, '0.000000', '0.000000', '0.000000', '', ''),
(108, '04825', 'NOOR KHAMID', '', '0000-00-00', '', 'Operator ', 'Produksi-PM5', '0000-00-00', '', 0, 0, '0.000000', '0.000000', '0.000000', '', ''),
(109, '04705', 'NOOR SAID ', '', '0000-00-00', '', 'Operator ', 'Produksi-PM5', '0000-00-00', '', 0, 0, '0.000000', '0.000000', '0.000000', '', ''),
(110, '07633', 'ROCHMAD ', '', '0000-00-00', '', 'Kashift', 'Produksi-PM5', '0000-00-00', '', 0, 0, '0.000000', '0.000000', '0.000000', '', ''),
(111, '05755', 'SUGIANTO ', '', '0000-00-00', '', 'Kashift', 'Produksi-PM5', '0000-00-00', '', 0, 0, '0.000000', '0.000000', '0.000000', '', ''),
(112, '01132', 'SUJATMOKO', '', '0000-00-00', '', 'Kabid', 'Produksi-PM5', '0000-00-00', '', 0, 0, '0.000000', '0.000000', '0.000000', '', ''),
(113, '09770', 'SUMASKAN', '', '0000-00-00', '', 'Kashift', 'Produksi-PM5', '0000-00-00', '', 0, 0, '0.000000', '0.000000', '0.000000', '', ''),
(114, '04830', 'SUNARWAN', '', '0000-00-00', '', 'Operator ', 'Produksi-PM5', '0000-00-00', '', 0, 0, '0.000000', '0.000000', '0.000000', '', ''),
(115, '06541', 'SUTADI', '', '0000-00-00', '', 'Operator ', 'Produksi-PM5', '0000-00-00', '', 0, 0, '0.000000', '0.000000', '0.000000', '', ''),
(116, '07648', 'SUYIKNO', '', '0000-00-00', '', 'Operator ', 'Produksi-PM5', '0000-00-00', '', 0, 0, '0.000000', '0.000000', '0.000000', '', ''),
(117, '05086', 'AFANDI', '', '0000-00-00', '', 'Operator ', 'Produksi-PM6', '0000-00-00', '', 0, 0, '0.000000', '0.000000', '0.000000', '', ''),
(118, '93118', 'HANDRIYAS ARBIANTO', '', '0000-00-00', '', 'Operator ', 'Produksi-PM6', '0000-00-00', '', 0, 0, '0.000000', '0.000000', '0.000000', '', ''),
(119, '05844', 'JAMAKNO SAPUTRO', '', '0000-00-00', '', 'Operator ', 'Produksi-PM6', '0000-00-00', '', 0, 0, '0.000000', '0.000000', '0.000000', '', ''),
(120, '05078', 'JAMIAN', '', '0000-00-00', '', 'Operator ', 'Produksi-PM6', '0000-00-00', '', 0, 0, '0.000000', '0.000000', '0.000000', '', ''),
(121, '05027', 'JOKO LELONO', '', '0000-00-00', '', 'Kashift', 'Produksi-PM6', '0000-00-00', '', 0, 0, '0.000000', '0.000000', '0.000000', '', ''),
(122, '04727', 'MOCH  MUKHID', '', '0000-00-00', '', 'Operator ', 'Produksi-PM6', '0000-00-00', '', 0, 0, '0.000000', '0.000000', '0.000000', '', ''),
(123, '11458', 'MUHAMMAD ARIFIN DALIMUNTHE', '', '0000-00-00', '', 'Manajer', 'Produksi-PM6', '0000-00-00', '', 92, 80, '0.442000', '0.251000', '0.366000', '', ''),
(124, '05646', 'PAIMIN', '', '0000-00-00', '', 'Operator ', 'Produksi-PM6', '0000-00-00', '', 0, 0, '0.000000', '0.000000', '0.000000', '', ''),
(125, '08445', 'PUJI SANTOSA', '', '0000-00-00', '', 'Operator ', 'Produksi-PM6', '0000-00-00', '', 0, 0, '0.000000', '0.000000', '0.000000', '', ''),
(126, '06392', 'SHOLIKUL MUSTAKIM', '', '0000-00-00', '', 'Kashift', 'Produksi-PM6', '0000-00-00', '', 0, 0, '0.000000', '0.000000', '0.000000', '', ''),
(127, '05379', 'SUHARYO', '', '0000-00-00', '', 'Kashift', 'Produksi-PM6', '0000-00-00', '', 0, 0, '0.000000', '0.000000', '0.000000', '', ''),
(128, '05965', 'SUJADI', '', '0000-00-00', '', 'Kashift', 'Produksi-PM6', '0000-00-00', '', 0, 0, '0.000000', '0.000000', '0.000000', '', ''),
(129, '05970', 'SUKAMTO ', '', '0000-00-00', '', 'Operator', 'Produksi-PM6', '0000-00-00', '', 0, 0, '0.000000', '0.000000', '0.000000', '', ''),
(130, '05142', 'SULIKAN', '', '0000-00-00', '', 'Kabid', 'Produksi-PM6', '0000-00-00', '', 0, 0, '0.000000', '0.000000', '0.000000', '', ''),
(131, '05276', 'SUMARNO', '', '0000-00-00', '', 'Kashift', 'Produksi-PM6', '0000-00-00', '', 0, 0, '0.000000', '0.000000', '0.000000', '', ''),
(132, '05271', 'SUNARDI', '', '0000-00-00', '', 'Kashift', 'Produksi-PM6', '0000-00-00', '', 0, 0, '0.000000', '0.000000', '0.000000', '', ''),
(133, '00959', 'SUSILO HADI', '', '0000-00-00', '', 'Manajer', 'Produksi-PM6', '0000-00-00', '', 80, 100, '0.415000', '0.271000', '0.357000', '', ''),
(134, '11246', 'WARSONO', '', '0000-00-00', '', 'Operator ', 'Produksi-PM6', '0000-00-00', '', 0, 0, '0.000000', '0.000000', '0.000000', '', ''),
(135, '05370', 'YH.PRASETYO', '', '0000-00-00', '', 'Operator ', 'Produksi-PM6', '0000-00-00', '', 0, 0, '0.000000', '0.000000', '0.000000', '', ''),
(136, '05966', 'ZUBAEDI', '', '0000-00-00', '', 'Operator ', 'Produksi-PM6', '0000-00-00', '', 0, 0, '0.000000', '0.000000', '0.000000', '', ''),
(137, '09889', 'ALI ROSIQIN', '', '0000-00-00', '', 'Kabid', 'Teknisi-PM9', '0000-00-00', '', 0, 0, '0.000000', '0.000000', '0.000000', '', ''),
(138, '94397', 'AUDI PRAMUAJI WICAKSONO', '', '0000-00-00', '', 'Operator', 'Teknisi-PM9', '0000-00-00', '', 0, 0, '0.000000', '0.000000', '0.000000', '', ''),
(139, '08684', 'HARIANTO', '', '0000-00-00', '', 'Operator ', 'Teknisi-PM9', '0000-00-00', '', 0, 0, '0.000000', '0.000000', '0.000000', '', ''),
(140, '11516', 'IGNASIUS TRIGANAR RAHMAT P', '', '0000-00-00', '', 'Kabid', 'Teknisi-PM9', '0000-00-00', '', 0, 0, '0.000000', '0.000000', '0.000000', '', ''),
(141, '93114', 'MULYONO', '', '0000-00-00', '', 'Operator ', 'Teknisi-PM9', '0000-00-00', '', 0, 0, '0.000000', '0.000000', '0.000000', '', ''),
(142, '04838', 'RUKISNO', '', '0000-00-00', '', 'Kashift', 'Teknisi-PM9', '0000-00-00', '', 0, 0, '0.000000', '0.000000', '0.000000', '', ''),
(143, '03649', 'SADIMAN', '', '0000-00-00', '', 'Operator ', 'Teknisi-PM9', '0000-00-00', '', 0, 0, '0.000000', '0.000000', '0.000000', '', ''),
(144, '10219', 'SAHID', '', '0000-00-00', '', 'Kashift', 'Teknisi-PM9', '0000-00-00', '', 0, 0, '0.000000', '0.000000', '0.000000', '', ''),
(145, '06580', 'SUGIYANTO', '', '0000-00-00', '', 'Kashift', 'Teknisi-PM9', '0000-00-00', '', 0, 0, '0.000000', '0.000000', '0.000000', '', ''),
(146, '05353', 'SUMANTRI', '', '0000-00-00', '', 'Operator ', 'Teknisi-PM9', '0000-00-00', '', 0, 0, '0.000000', '0.000000', '0.000000', '', ''),
(147, '04644', 'SUPARTO', '', '0000-00-00', '', 'Kashift', 'Teknisi-PM9', '0000-00-00', '', 0, 0, '0.000000', '0.000000', '0.000000', '', ''),
(148, '07608', 'SUSONO', '', '0000-00-00', '', 'Kashift', 'Teknisi-PM9', '0000-00-00', '', 0, 0, '0.000000', '0.000000', '0.000000', '', ''),
(149, '09789', 'SUTRISNO', '', '0000-00-00', '', 'Kashift', 'Teknisi-PM9', '0000-00-00', '', 0, 0, '0.000000', '0.000000', '0.000000', '', ''),
(150, '93916', 'AGUS SUBIYANTORO', '', '0000-00-00', '', 'Kabid', 'Stock-Prep-PM9', '0000-00-00', '', 0, 0, '0.000000', '0.000000', '0.000000', '', ''),
(151, '10171', 'AHMAD RODLI', '', '0000-00-00', '', 'Operator ', 'Stock-Prep-PM9', '0000-00-00', '', 0, 0, '0.000000', '0.000000', '0.000000', '', ''),
(152, '09598', 'ARIF KUSMAYADI', '', '0000-00-00', '', 'Kashift', 'Stock-Prep-PM9', '0000-00-00', '', 0, 0, '0.000000', '0.000000', '0.000000', '', ''),
(153, '10364', 'BUDI RAHARJO', '', '0000-00-00', '', 'Kashift', 'Stock-Prep-PM9', '0000-00-00', '', 0, 0, '0.000000', '0.000000', '0.000000', '', ''),
(154, '10296', 'HARMANTO', '', '0000-00-00', '', 'Operator ', 'Stock-Prep-PM9', '0000-00-00', '', 0, 0, '0.000000', '0.000000', '0.000000', '', ''),
(155, '10590', 'HERI PRAMONO', '', '0000-00-00', '', 'Operator ', 'Stock-Prep-PM9', '0000-00-00', '', 0, 0, '0.000000', '0.000000', '0.000000', '', ''),
(156, '09903', 'HERI WINARKO', '', '0000-00-00', '', 'Operator ', 'Stock-Prep-PM9', '0000-00-00', '', 0, 0, '0.000000', '0.000000', '0.000000', '', ''),
(157, '05478', 'KASIRAN', '', '0000-00-00', '', 'Kashift', 'Stock-Prep-PM9', '0000-00-00', '', 0, 0, '0.000000', '0.000000', '0.000000', '', ''),
(158, '08685', 'MARDIANTO', '', '0000-00-00', '', 'Operator ', 'Stock-Prep-PM9', '0000-00-00', '', 0, 0, '0.000000', '0.000000', '0.000000', '', ''),
(159, '02735', 'MOH CHOLIL', '', '0000-00-00', '', 'Kashift', 'Stock-Prep-PM9', '0000-00-00', '', 0, 0, '0.000000', '0.000000', '0.000000', '', ''),
(160, '92532', 'MUH RIYADI', '', '0000-00-00', '', 'Operator ', 'Stock-Prep-PM9', '0000-00-00', '', 0, 0, '0.000000', '0.000000', '0.000000', '', ''),
(161, '06103', 'ROSIDI', '', '0000-00-00', '', 'Operator ', 'Stock-Prep-PM9', '0000-00-00', '', 0, 0, '0.000000', '0.000000', '0.000000', '', ''),
(162, '93097', 'RUSMANTO', '', '0000-00-00', '', 'Operator ', 'Stock-Prep-PM9', '0000-00-00', '', 0, 0, '0.000000', '0.000000', '0.000000', '', ''),
(163, '10449', 'SARWI', '', '0000-00-00', '', 'Operator ', 'Stock-Prep-PM9', '0000-00-00', '', 0, 0, '0.000000', '0.000000', '0.000000', '', ''),
(164, '93123', 'SHIDDIQ', '', '0000-00-00', '', 'Operator ', 'Stock-Prep-PM9', '0000-00-00', '', 0, 0, '0.000000', '0.000000', '0.000000', '', ''),
(165, '92527', 'SRI MARWOKO', '', '0000-00-00', '', 'Operator ', 'Stock-Prep-PM9', '0000-00-00', '', 0, 0, '0.000000', '0.000000', '0.000000', '', ''),
(166, '05339', 'SUBUR', '', '0000-00-00', '', 'Operator ', 'Stock-Prep-PM9', '0000-00-00', '', 0, 0, '0.000000', '0.000000', '0.000000', '', ''),
(167, '04965', 'SUHARDI', '', '0000-00-00', '', 'Kashift', 'Stock-Prep-PM9', '0000-00-00', '', 0, 0, '0.000000', '0.000000', '0.000000', '', ''),
(168, '05494', 'SUMARDI A MINTARNO', '', '0000-00-00', '', 'Kabid', 'Stock-Prep-PM9', '0000-00-00', '', 0, 0, '0.000000', '0.000000', '0.000000', '', ''),
(169, '10367', 'SUPADI', '', '0000-00-00', '', 'Operator', 'Stock-Prep-PM9', '0000-00-00', '', 0, 0, '0.000000', '0.000000', '0.000000', '', ''),
(170, '10446', 'SUTIKNO', '', '0000-00-00', '', 'Operator ', 'Stock-Prep-PM9', '0000-00-00', '', 0, 0, '0.000000', '0.000000', '0.000000', '', ''),
(171, '05735', 'SUTOPO', '', '0000-00-00', '', 'Kashift', 'Stock-Prep-PM9', '0000-00-00', '', 0, 0, '0.000000', '0.000000', '0.000000', '', ''),
(172, '01096', 'SUTOYO', '', '0000-00-00', '', 'Operator ', 'Stock-Prep-PM9', '0000-00-00', '', 0, 0, '0.000000', '0.000000', '0.000000', '', ''),
(173, '10410', 'ARI KURNIAWAN', '', '0000-00-00', '', 'Operator ', 'Listrik', '0000-00-00', '', 0, 0, '0.000000', '0.000000', '0.000000', '', ''),
(174, '03563', 'BAMBANG SAPUTRO', '', '0000-00-00', '', 'Kabid', 'Listrik', '0000-00-00', '', 0, 0, '0.000000', '0.000000', '0.000000', '', ''),
(175, '10321', 'DIDIK SISWANTO', '', '0000-00-00', '', 'Operator ', 'Listrik', '0000-00-00', '', 0, 0, '0.000000', '0.000000', '0.000000', '', ''),
(176, '92528', 'MAMAN IMAWAN', '', '0000-00-00', '', 'Operator ', 'Listrik', '0000-00-00', '', 0, 0, '0.000000', '0.000000', '0.000000', '', ''),
(177, '92533', 'SAIFUL PRASETYO', '', '0000-00-00', '', 'Operator ', 'Listrik', '0000-00-00', '', 0, 0, '0.000000', '0.000000', '0.000000', '', ''),
(178, '93113', 'TEGUH RUDIYANTO', '', '0000-00-00', '', 'Operator ', 'Listrik', '0000-00-00', '', 0, 0, '0.000000', '0.000000', '0.000000', '', ''),
(179, '05392', 'AGUNG INDRIYANA', '', '0000-00-00', '', 'Kabid', 'Stock-Prep-PM5', '0000-00-00', '', 0, 0, '0.000000', '0.000000', '0.000000', '', ''),
(180, '10383', 'AGUS SOFWAN', '', '0000-00-00', '', 'Operator ', 'Stock-Prep-PM5', '0000-00-00', '', 0, 0, '0.000000', '0.000000', '0.000000', '', ''),
(181, '05854', 'ANSHORI', '', '0000-00-00', '', 'Operator ', 'Stock-Prep-PM5', '0000-00-00', '', 0, 0, '0.000000', '0.000000', '0.000000', '', ''),
(182, '05087', 'EDY PRASANTO', '', '0000-00-00', '', 'Operator ', 'Stock-Prep-PM5', '0000-00-00', '', 0, 0, '0.000000', '0.000000', '0.000000', '', ''),
(183, '93117', 'EKO BUDI S', '', '0000-00-00', '', 'Operator ', 'Stock-Prep-PM5', '0000-00-00', '', 0, 0, '0.000000', '0.000000', '0.000000', '', ''),
(184, '05278', 'FATKHUR ROHMAN', '', '0000-00-00', '', 'Kashift', 'Stock-Prep-PM5', '0000-00-00', '', 0, 0, '0.000000', '0.000000', '0.000000', '', ''),
(185, '05382', 'HARIYANTO', '', '0000-00-00', '', 'Operator ', 'Stock-Prep-PM5', '0000-00-00', '', 0, 0, '0.000000', '0.000000', '0.000000', '', ''),
(186, '07601', 'HASAN WALUYO', '', '0000-00-00', '', 'Operator ', 'Stock-Prep-PM5', '0000-00-00', '', 0, 0, '0.000000', '0.000000', '0.000000', '', ''),
(187, '06816', 'KUSNIN', '', '0000-00-00', '', 'Operator ', 'Stock-Prep-PM5', '0000-00-00', '', 0, 0, '0.000000', '0.000000', '0.000000', '', ''),
(188, '04045', 'LASIMAN', '', '0000-00-00', '', 'Operator ', 'Stock-Prep-PM5', '0000-00-00', '', 0, 0, '0.000000', '0.000000', '0.000000', '', ''),
(189, '09800', 'MIDI', '', '0000-00-00', '', 'Operator ', 'Stock-Prep-PM5', '0000-00-00', '', 0, 0, '0.000000', '0.000000', '0.000000', '', ''),
(190, '07438', 'MOH ZAENAL', '', '0000-00-00', '', 'Kashift', 'Stock-Prep-PM5', '0000-00-00', '', 0, 0, '0.000000', '0.000000', '0.000000', '', ''),
(191, '04730', 'NGADIMIN', '', '0000-00-00', '', 'Operator ', 'Stock-Prep-PM5', '0000-00-00', '', 0, 0, '0.000000', '0.000000', '0.000000', '', ''),
(192, '05117', 'NOOR HIDAYAT', '', '0000-00-00', '', 'Operator ', 'Stock-Prep-PM5', '0000-00-00', '', 0, 0, '0.000000', '0.000000', '0.000000', '', ''),
(193, '07095', 'NOR SALIM', '', '0000-00-00', '', 'Operator ', 'Stock-Prep-PM5', '0000-00-00', '', 0, 0, '0.000000', '0.000000', '0.000000', '', ''),
(194, '05789', 'PURWANTO', '', '0000-00-00', '', 'Kashift', 'Stock-Prep-PM5', '0000-00-00', '', 0, 0, '0.000000', '0.000000', '0.000000', '', ''),
(195, '06177', 'SAKIDI', '', '0000-00-00', '', 'Kashift', 'Stock-Prep-PM5', '0000-00-00', '', 0, 0, '0.000000', '0.000000', '0.000000', '', ''),
(196, '04970', 'SRI WIDODO', '', '0000-00-00', '', 'Operator', 'Stock-Prep-PM5', '0000-00-00', '', 0, 0, '0.000000', '0.000000', '0.000000', '', ''),
(197, '07907', 'SUDARMAN ', '', '0000-00-00', '', 'Kashift', 'Stock-Prep-PM5', '0000-00-00', '', 0, 0, '0.000000', '0.000000', '0.000000', '', ''),
(198, '06747', 'SULATI', '', '0000-00-00', '', 'Operator ', 'Stock-Prep-PM5', '0000-00-00', '', 0, 0, '0.000000', '0.000000', '0.000000', '', ''),
(199, '05033', 'SUMITO', '', '0000-00-00', '', 'Operator ', 'Stock-Prep-PM5', '0000-00-00', '', 0, 0, '0.000000', '0.000000', '0.000000', '', ''),
(200, '05284', 'SURAJAB', '', '0000-00-00', '', 'Kashift', 'Stock-Prep-PM5', '0000-00-00', '', 0, 0, '0.000000', '0.000000', '0.000000', '', ''),
(201, '07439', 'SUTRIS', '', '0000-00-00', '', 'Operator ', 'Stock-Prep-PM5', '0000-00-00', '', 0, 0, '0.000000', '0.000000', '0.000000', '', ''),
(202, '06470', 'SUWARNO', '', '0000-00-00', '', 'Operator ', 'Stock-Prep-PM5', '0000-00-00', '', 0, 0, '0.000000', '0.000000', '0.000000', '', ''),
(203, '06473', 'TAMBAH BARU', '', '0000-00-00', '', 'Operator ', 'Stock-Prep-PM5', '0000-00-00', '', 0, 0, '0.000000', '0.000000', '0.000000', '', ''),
(204, '05614', 'ZAINUDDIN ', '', '0000-00-00', '', 'Operator ', 'Stock-Prep-PM5', '0000-00-00', '', 0, 0, '0.000000', '0.000000', '0.000000', '', ''),
(205, '09773', 'ZUMRONI', '', '0000-00-00', '', 'Operator ', 'Stock-Prep-PM5', '0000-00-00', '', 0, 0, '0.000000', '0.000000', '0.000000', '', ''),
(206, '08239', 'ACHMADI', '', '0000-00-00', '', 'Kashift', 'Stock-Prep-PM6', '0000-00-00', '', 0, 0, '0.000000', '0.000000', '0.000000', '', ''),
(207, '06552', 'ALI SHODIKIN', '', '0000-00-00', '', 'Operator', 'Stock-Prep-PM6', '0000-00-00', '', 0, 0, '0.000000', '0.000000', '0.000000', '', ''),
(208, '04714', 'ALIFIN', '', '0000-00-00', '', 'Kashift', 'Stock-Prep-PM6', '0000-00-00', '', 0, 0, '0.000000', '0.000000', '0.000000', '', ''),
(209, '05909', 'BARNO', '', '0000-00-00', '', 'Kashift', 'Stock-Prep-PM6', '0000-00-00', '', 0, 0, '0.000000', '0.000000', '0.000000', '', ''),
(210, '92701', 'CHANDRA CHAIRURRIZA', '', '0000-00-00', '', 'Operator ', 'Stock-Prep-PM6', '0000-00-00', '', 0, 0, '0.000000', '0.000000', '0.000000', '', ''),
(211, '05474', 'EDY PURWANTO', '', '0000-00-00', '', 'Operator ', 'Stock-Prep-PM6', '0000-00-00', '', 0, 0, '0.000000', '0.000000', '0.000000', '', ''),
(212, '06748', 'INDRIYONO', '', '0000-00-00', '', 'Operator ', 'Stock-Prep-PM6', '0000-00-00', '', 0, 0, '0.000000', '0.000000', '0.000000', '', ''),
(213, '06807', 'KHOIRUN', '', '0000-00-00', '', 'Operator', 'Stock-Prep-PM6', '0000-00-00', '', 0, 0, '0.000000', '0.000000', '0.000000', '', ''),
(214, '04981', 'MOH SHOLIKHIN', '', '0000-00-00', '', 'Kashift', 'Stock-Prep-PM6', '0000-00-00', '', 0, 0, '0.000000', '0.000000', '0.000000', '', ''),
(215, '05539', 'SOFI\'I', '', '0000-00-00', '', 'Operator ', 'Stock-Prep-PM6', '0000-00-00', '', 0, 0, '0.000000', '0.000000', '0.000000', '', ''),
(216, '05136', 'SUGIYANTO', '', '0000-00-00', '', 'Kashift', 'Stock-Prep-PM6', '0000-00-00', '', 0, 0, '0.000000', '0.000000', '0.000000', '', ''),
(217, '05843', 'SUHARTONO', '', '0000-00-00', '', 'Operator', 'Stock-Prep-PM6', '0000-00-00', '', 0, 0, '0.000000', '0.000000', '0.000000', '', ''),
(218, '05968', 'SULISNO', '', '0000-00-00', '', 'Operator ', 'Stock-Prep-PM6', '0000-00-00', '', 0, 0, '0.000000', '0.000000', '0.000000', '', ''),
(219, '04636', 'SUPRIYADI', '', '0000-00-00', '', 'Kashift', 'Stock-Prep-PM6', '0000-00-00', '', 0, 0, '0.000000', '0.000000', '0.000000', '', ''),
(220, '06667', 'SUTOPO', '', '0000-00-00', '', 'Operator ', 'Stock-Prep-PM6', '0000-00-00', '', 0, 0, '0.000000', '0.000000', '0.000000', '', ''),
(221, '05918', 'SUTRISNO ', '', '0000-00-00', '', 'Operator ', 'Stock-Prep-PM6', '0000-00-00', '', 0, 0, '0.000000', '0.000000', '0.000000', '', ''),
(222, '05176', 'SUYANTO', '', '0000-00-00', '', 'Kashift', 'Stock-Prep-PM6', '0000-00-00', '', 0, 0, '0.000000', '0.000000', '0.000000', '', ''),
(223, '04573', 'WAGIMAN', '', '0000-00-00', '', 'Operator', 'Stock-Prep-PM6', '0000-00-00', '', 0, 0, '0.000000', '0.000000', '0.000000', '', ''),
(224, '94318', 'ADRIANUS ARFIANTO ADI NUGROHO', '', '0000-00-00', '', 'Staff', 'PPIC', '0000-00-00', '', 0, 0, '0.000000', '0.000000', '0.000000', '', ''),
(225, '05113', 'FARIDA YULIANI', '', '0000-00-00', '', 'Staff', 'PPIC', '0000-00-00', '', 0, 0, '0.000000', '0.000000', '0.000000', '', ''),
(226, '06178', 'KUSTIANAH', '', '0000-00-00', '', 'Staff', 'PPIC', '0000-00-00', '', 0, 0, '0.000000', '0.000000', '0.000000', '', ''),
(227, '04940', 'LILIS SURYANI', '', '0000-00-00', '', 'Staff', 'PPIC', '0000-00-00', '', 0, 0, '0.000000', '0.000000', '0.000000', '', ''),
(228, '06268', 'SUNARTO', '', '0000-00-00', '', 'Manajer', 'PPIC', '0000-00-00', '', 84, 93, '0.461000', '0.233000', '0.370000', '', ''),
(229, '05119', 'SUWARTO', '', '0000-00-00', '', 'Kabid', 'PPIC', '0000-00-00', '', 0, 0, '0.000000', '0.000000', '0.000000', '', ''),
(230, '93897', 'YUANITA CHRISTINE', '', '0000-00-00', '', 'Staff', 'PPIC', '0000-00-00', '', 0, 0, '0.000000', '0.000000', '0.000000', '', ''),
(231, '11823', 'ISABELLA DW', '', '0000-00-00', '', 'Manajer', 'Research-Development', '0000-00-00', '', 92, 87, '0.492000', '0.195000', '0.373000', '', ''),
(232, '05728', 'PURNOMO', '', '0000-00-00', '', 'Staff', 'Research-Development', '0000-00-00', '', 0, 0, '0.000000', '0.000000', '0.000000', '', ''),
(233, '06397', 'SUHADI', '', '0000-00-00', '', 'Staff', 'Research-Development', '0000-00-00', '', 0, 0, '0.000000', '0.000000', '0.000000', '', ''),
(234, '05315', 'AKHMAD SAHID', '', '0000-00-00', '', 'Staff', 'Pengadaan', '0000-00-00', '', 0, 0, '0.000000', '0.000000', '0.000000', '', ''),
(235, '05198', 'ALI WAHYUDI', '', '0000-00-00', '', 'Staff', 'Pengadaan', '0000-00-00', '', 0, 0, '0.000000', '0.000000', '0.000000', '', ''),
(236, '10931', 'ANDREAS SETIAWAN RIJANTO', '', '0000-00-00', '', 'Manajer', 'Pengadaan', '0000-00-00', '', 84, 100, '0.386000', '0.271000', '0.340000', '', ''),
(237, '10868', 'ARIEN WURYANTI', '', '0000-00-00', '', 'Staff', 'Pengadaan', '0000-00-00', '', 0, 0, '0.000000', '0.000000', '0.000000', '', ''),
(238, '11595', 'INTAN PUSPITA DEWI', '', '0000-00-00', '', 'Staff', 'Pengadaan', '0000-00-00', '', 0, 0, '0.000000', '0.000000', '0.000000', '', ''),
(239, '09570', 'KHOLIFAH', '', '0000-00-00', '', 'Staff', 'Pengadaan', '0000-00-00', '', 0, 0, '0.000000', '0.000000', '0.000000', '', ''),
(240, '04848', 'KUNARTI', '', '0000-00-00', '', 'Staff', 'Pengadaan', '0000-00-00', '', 0, 0, '0.000000', '0.000000', '0.000000', '', ''),
(241, '11526', 'MOCHAMMAD ADHIF SOFFAN', '', '0000-00-00', '', 'Manajer', 'Pengadaan', '0000-00-00', '', 92, 80, '0.476000', '0.208000', '0.369000', '', ''),
(242, '05971', 'RAMLI', '', '0000-00-00', '', 'Staff', 'Pengadaan', '0000-00-00', '', 0, 0, '0.000000', '0.000000', '0.000000', '', ''),
(243, '05852', 'SUDIBYO', '', '0000-00-00', '', 'Staff', 'Pengadaan', '0000-00-00', '', 0, 0, '0.000000', '0.000000', '0.000000', '', ''),
(244, '01056', 'SULISTIYONO', '', '0000-00-00', '', 'Staff', 'Pengadaan', '0000-00-00', '', 0, 0, '0.000000', '0.000000', '0.000000', '', ''),
(245, '04854', 'SUNARTO', '', '0000-00-00', '', 'Staff', 'Pengadaan', '0000-00-00', '', 0, 0, '0.000000', '0.000000', '0.000000', '', ''),
(246, '04633', 'TRI MARHAENI KRISTIATI', '', '0000-00-00', '', 'Staff', 'Pengadaan', '0000-00-00', '', 0, 0, '0.000000', '0.000000', '0.000000', '', ''),
(247, '05037', 'AHMAD MALIK', '', '0000-00-00', '', 'Operator ', 'Listrik', '0000-00-00', '', 0, 0, '0.000000', '0.000000', '0.000000', '', ''),
(248, '05030', 'BAMBANG SUPRIYADI', '', '0000-00-00', '', 'Kashift', 'Listrik', '0000-00-00', '', 0, 0, '0.000000', '0.000000', '0.000000', '', ''),
(249, '11248', 'EKO PRASETYO', '', '0000-00-00', '', 'Kashift', 'Listrik', '0000-00-00', '', 0, 0, '0.000000', '0.000000', '0.000000', '', ''),
(250, '04587', 'IMAM', '', '0000-00-00', '', 'Kabid', 'Listrik', '0000-00-00', '', 0, 0, '0.000000', '0.000000', '0.000000', '', ''),
(251, '05024', 'IMRON MUHANDIS', '', '0000-00-00', '', 'Operator ', 'Listrik', '0000-00-00', '', 0, 0, '0.000000', '0.000000', '0.000000', '', ''),
(252, '09849', 'MASLANI', '', '0000-00-00', '', 'Operator ', 'Listrik', '0000-00-00', '', 0, 0, '0.000000', '0.000000', '0.000000', '', ''),
(253, '04824', 'NOOR ACHLIS', '', '0000-00-00', '', 'Kashift', 'Listrik', '0000-00-00', '', 0, 0, '0.000000', '0.000000', '0.000000', '', ''),
(254, '11249', 'NUR SOFFAN', '', '0000-00-00', '', 'Kashift', 'Listrik', '0000-00-00', '', 0, 0, '0.000000', '0.000000', '0.000000', '', ''),
(255, '05109', 'SUBANDONO', '', '0000-00-00', '', 'Kashift', 'Listrik', '0000-00-00', '', 0, 0, '0.000000', '0.000000', '0.000000', '', ''),
(256, '04589', 'SUDARMIN', '', '0000-00-00', '', 'Operator ', 'Listrik', '0000-00-00', '', 0, 0, '0.000000', '0.000000', '0.000000', '', ''),
(257, '05222', 'SUPARWI', '', '0000-00-00', '', 'Kabid', 'Listrik', '0000-00-00', '', 0, 0, '0.000000', '0.000000', '0.000000', '', ''),
(258, '05221', 'SUWISNO', '', '0000-00-00', '', 'Kashift', 'Listrik', '0000-00-00', '', 0, 0, '0.000000', '0.000000', '0.000000', '', ''),
(259, '10410', 'ARI KURNIAWAN', '', '0000-00-00', '', 'Operator ', 'Listrik', '0000-00-00', '', 0, 0, '0.000000', '0.000000', '0.000000', '', ''),
(260, '03563', 'BAMBANG SAPUTRO', '', '0000-00-00', '', 'Kabid', 'Listrik', '0000-00-00', '', 0, 0, '0.000000', '0.000000', '0.000000', '', ''),
(261, '10321', 'DIDIK SISWANTO', '', '0000-00-00', '', 'Operator ', 'Listrik', '0000-00-00', '', 0, 0, '0.000000', '0.000000', '0.000000', '', ''),
(262, '92528', 'MAMAN IMAWAN', '', '0000-00-00', '', 'Operator ', 'Listrik', '0000-00-00', '', 0, 0, '0.000000', '0.000000', '0.000000', '', ''),
(263, '92533', 'SAIFUL PRASETYO', '', '0000-00-00', '', 'Operator ', 'Listrik', '0000-00-00', '', 0, 0, '0.000000', '0.000000', '0.000000', '', ''),
(264, '93113', 'TEGUH RUDIYANTO', '', '0000-00-00', '', 'Operator ', 'Listrik', '0000-00-00', '', 0, 0, '0.000000', '0.000000', '0.000000', '', ''),
(265, '04000', 'AHMAD JAMI\'IN', '', '0000-00-00', '', 'Kabid', 'Instrument', '0000-00-00', '', 0, 0, '0.000000', '0.000000', '0.000000', '', ''),
(266, '05593', 'BAMBANG IRAWAN', '', '0000-00-00', '', 'Operator ', 'Instrument', '0000-00-00', '', 0, 0, '0.000000', '0.000000', '0.000000', '', ''),
(267, '10999', 'BAMBANG PAMBUDI', '', '0000-00-00', '', 'Operator ', 'Instrument', '0000-00-00', '', 0, 0, '0.000000', '0.000000', '0.000000', '', ''),
(268, '11235', 'KASWANTO', '', '0000-00-00', '', 'Kabid', 'Instrument', '0000-00-00', '', 0, 0, '0.000000', '0.000000', '0.000000', '', ''),
(269, '94137', 'MOHAMMAD OKY  SETIYOWIBOWO', '', '0000-00-00', '', 'Operator ', 'Instrument', '0000-00-00', '', 0, 0, '0.000000', '0.000000', '0.000000', '', ''),
(270, '92702', 'ABDUR ROHMAN', '', '0000-00-00', '', 'Operator ', 'Forklift', '0000-00-00', '', 0, 0, '0.000000', '0.000000', '0.000000', '', ''),
(271, '05793', 'HARYONO', '', '0000-00-00', '', 'Operator ', 'Forklift', '0000-00-00', '', 0, 0, '0.000000', '0.000000', '0.000000', '', ''),
(272, '05013', 'M. ZAENUDIN', '', '0000-00-00', '', 'Pengawas', 'Forklift', '0000-00-00', '', 0, 0, '0.000000', '0.000000', '0.000000', '', ''),
(273, '10934', 'MARZUKI ASWAD', '', '0000-00-00', '', 'Operator ', 'Forklift', '0000-00-00', '', 0, 0, '0.000000', '0.000000', '0.000000', '', ''),
(274, '92700', 'MUKHAMAD YUSUF', '', '0000-00-00', '', 'Operator ', 'Forklift', '0000-00-00', '', 0, 0, '0.000000', '0.000000', '0.000000', '', ''),
(275, '03237', 'SUBADI', '', '0000-00-00', '', 'Operator ', 'Forklift', '0000-00-00', '', 0, 0, '0.000000', '0.000000', '0.000000', '', ''),
(276, '10424', 'SUBEKTI', '', '0000-00-00', '', 'Operator ', 'Forklift', '0000-00-00', '', 0, 0, '0.000000', '0.000000', '0.000000', '', ''),
(277, '09774', 'SUGENG RIYADI', '', '0000-00-00', '', 'Operator ', 'Forklift', '0000-00-00', '', 0, 0, '0.000000', '0.000000', '0.000000', '', ''),
(278, '92698', 'SULISTYO YANUARKO', '', '0000-00-00', '', 'Operator ', 'Forklift', '0000-00-00', '', 0, 0, '0.000000', '0.000000', '0.000000', '', ''),
(279, '08240', 'HERI PURWANTINI', '', '0000-00-00', '', 'Operator ', 'Finishing-I', '0000-00-00', '', 0, 0, '0.000000', '0.000000', '0.000000', '', ''),
(280, '02387', 'JAHIR', '', '0000-00-00', '', 'Staff', 'Finishing-I', '0000-00-00', '', 0, 0, '0.000000', '0.000000', '0.000000', '', ''),
(281, '02731', 'KHANAFI', '', '0000-00-00', '', 'Operator ', 'Finishing-I', '0000-00-00', '', 0, 0, '0.000000', '0.000000', '0.000000', '', ''),
(282, '094053', 'M. FADLIYADHAN AMAR PUJAKUSUMA', '', '0000-00-00', '', 'Manajer', 'Finishing-I', '0000-00-00', '', 84, 93, '0.428000', '0.233000', '0.350000', '', ''),
(283, '06553', 'MASLICHAH', '', '0000-00-00', '', 'Operator ', 'Finishing-I', '0000-00-00', '', 0, 0, '0.000000', '0.000000', '0.000000', '', ''),
(284, '06902', 'MUNZAENAH', '', '0000-00-00', '', 'Operator ', 'Finishing-I', '0000-00-00', '', 0, 0, '0.000000', '0.000000', '0.000000', '', ''),
(285, '06396', 'NURYATI', '', '0000-00-00', '', 'Staff', 'Finishing-I', '0000-00-00', '', 0, 0, '0.000000', '0.000000', '0.000000', '', ''),
(286, '07772', 'RUMANI', '', '0000-00-00', '', 'Staff', 'Finishing-I', '0000-00-00', '', 0, 0, '0.000000', '0.000000', '0.000000', '', ''),
(287, '01712', 'SAEUN', '', '0000-00-00', '', 'Manajer', 'Finishing-I', '0000-00-00', '', 92, 100, '0.415000', '0.271000', '0.357000', '', ''),
(288, '07631', 'SARIPIN', '', '0000-00-00', '', 'Operator ', 'Finishing-I', '0000-00-00', '', 0, 0, '0.000000', '0.000000', '0.000000', '', ''),
(289, '08187', 'SITI FATONAH', '', '0000-00-00', '', 'Pengawas', 'Finishing-I', '0000-00-00', '', 0, 0, '0.000000', '0.000000', '0.000000', '', ''),
(290, '09330', 'SRI WAHYUNING', '', '0000-00-00', '', 'Operator ', 'Finishing-I', '0000-00-00', '', 0, 0, '0.000000', '0.000000', '0.000000', '', ''),
(291, '06471', 'SULISTIYATI', '', '0000-00-00', '', 'Operator ', 'Finishing-I', '0000-00-00', '', 0, 0, '0.000000', '0.000000', '0.000000', '', ''),
(292, '7632', 'SUMARTI', '', '0000-00-00', '', 'Pengawas', 'Finishing-I', '0000-00-00', '', 0, 0, '0.000000', '0.000000', '0.000000', '', ''),
(293, '08262', 'SUMIYATI ', '', '0000-00-00', '', 'Operator ', 'Finishing-I', '0000-00-00', '', 0, 0, '0.000000', '0.000000', '0.000000', '', ''),
(294, '02808', 'SUNARYO', '', '0000-00-00', '', 'Operator', 'Finishing-I', '0000-00-00', '', 0, 0, '0.000000', '0.000000', '0.000000', '', ''),
(295, '08034', 'SURANI', '', '0000-00-00', '', 'Operator ', 'Finishing-I', '0000-00-00', '', 0, 0, '0.000000', '0.000000', '0.000000', '', ''),
(296, '06745', 'SUYATI', '', '0000-00-00', '', 'Operator ', 'Finishing-I', '0000-00-00', '', 0, 0, '0.000000', '0.000000', '0.000000', '', ''),
(297, '05595', 'TAWAR TAKRI', '', '0000-00-00', '', 'Operator ', 'Finishing-I', '0000-00-00', '', 0, 0, '0.000000', '0.000000', '0.000000', '', ''),
(298, '05509', 'ACHMADI', '', '0000-00-00', '', 'Operator ', 'Finishing-II', '0000-00-00', '', 0, 0, '0.000000', '0.000000', '0.000000', '', ''),
(299, '07242', 'ALI ZABIDI', '', '0000-00-00', '', 'Pengawas', 'Finishing-II', '0000-00-00', '', 0, 0, '0.000000', '0.000000', '0.000000', '', ''),
(300, '01070', 'BUKORI', '', '0000-00-00', '', 'Operator ', 'Finishing-II', '0000-00-00', '', 0, 0, '0.000000', '0.000000', '0.000000', '', ''),
(301, '09331', 'MASTINI', '', '0000-00-00', '', 'Operator', 'Finishing-II', '0000-00-00', '', 0, 0, '0.000000', '0.000000', '0.000000', '', ''),
(302, '01109', 'MIRA HATI', '', '0000-00-00', '', 'Staff', 'Finishing-II', '0000-00-00', '', 0, 0, '0.000000', '0.000000', '0.000000', '', ''),
(303, '04961', 'NIEK ANAH', '', '0000-00-00', '', 'Operator ', 'Finishing-II', '0000-00-00', '', 0, 0, '0.000000', '0.000000', '0.000000', '', ''),
(304, '07918', 'SITI SUKAELAH', '', '0000-00-00', '', 'Pengawas', 'Finishing-II', '0000-00-00', '', 0, 0, '0.000000', '0.000000', '0.000000', '', ''),
(305, '06935', 'SOBIRIN', '', '0000-00-00', '', 'Operator ', 'Finishing-II', '0000-00-00', '', 0, 0, '0.000000', '0.000000', '0.000000', '', ''),
(306, '03697', 'SRI SUSANTI', '', '0000-00-00', '', 'Operator ', 'Finishing-II', '0000-00-00', '', 0, 0, '0.000000', '0.000000', '0.000000', '', ''),
(307, '09334', 'SUHARTI B', '', '0000-00-00', '', 'Operator ', 'Finishing-II', '0000-00-00', '', 0, 0, '0.000000', '0.000000', '0.000000', '', ''),
(308, '07917', 'SUNARTO', '', '0000-00-00', '', 'Operator', 'Finishing-II', '0000-00-00', '', 0, 0, '0.000000', '0.000000', '0.000000', '', ''),
(309, '03713', 'SUWARSI', '', '0000-00-00', '', 'Operator ', 'Finishing-II', '0000-00-00', '', 0, 0, '0.000000', '0.000000', '0.000000', '', ''),
(310, '05095', 'SUYATI', '', '0000-00-00', '', 'Pengawas', 'Finishing-II', '0000-00-00', '', 0, 0, '0.000000', '0.000000', '0.000000', '', ''),
(311, '08032', 'UMIYATI', '', '0000-00-00', '', 'Staff', 'Finishing-II', '0000-00-00', '', 0, 0, '0.000000', '0.000000', '0.000000', '', ''),
(312, '04332', 'YAYUK SRI RAHAYU', '', '0000-00-00', '', 'Operator ', 'Finishing-II', '0000-00-00', '', 0, 0, '0.000000', '0.000000', '0.000000', '', ''),
(313, '06818', 'AGUS SUNARDI', '', '0000-00-00', '', 'Operator ', 'Additive', '0000-00-00', '', 0, 0, '0.000000', '0.000000', '0.000000', '', ''),
(314, '05974', 'AHMAD MUNIF ZUHRI', '', '0000-00-00', '', 'Manajer', 'Additive', '0000-00-00', '', 100, 80, '0.497000', '0.251000', '0.399000', '', ''),
(315, '05601', 'ARIF SUHARYONO', '', '0000-00-00', '', 'Operator ', 'Additive', '0000-00-00', '', 0, 0, '0.000000', '0.000000', '0.000000', '', ''),
(316, '93115', 'BAMBANG UTOMO', '', '0000-00-00', '', 'Operator ', 'Additive', '0000-00-00', '', 0, 0, '0.000000', '0.000000', '0.000000', '', ''),
(317, '11578', 'BERNADUS HENDRA S K', '', '0000-00-00', '', 'Manajer', 'Additive', '0000-00-00', '', 76, 80, '0.337000', '0.251000', '0.303000', '', ''),
(318, '10299', 'EKO SUPRIYANTO', '', '0000-00-00', '', 'Kashift', 'Additive', '0000-00-00', '', 0, 0, '0.000000', '0.000000', '0.000000', '', ''),
(319, '09768', 'KAMSIDI', '', '0000-00-00', '', 'Operator ', 'Additive', '0000-00-00', '', 0, 0, '0.000000', '0.000000', '0.000000', '', ''),
(320, '04829', 'MOCHAMAD NONO', '', '0000-00-00', '', 'Kashift', 'Additive', '0000-00-00', '', 0, 0, '0.000000', '0.000000', '0.000000', '', ''),
(321, '10749', 'MOHAMMAD SHOCHIB', '', '0000-00-00', '', 'Operator ', 'Additive', '0000-00-00', '', 0, 0, '0.000000', '0.000000', '0.000000', '', ''),
(322, '05535', 'MUSTAQIM', '', '0000-00-00', '', 'Kashift', 'Additive', '0000-00-00', '', 0, 0, '0.000000', '0.000000', '0.000000', '', ''),
(323, '92703', 'NUR SOLEH', '', '0000-00-00', '', 'Operator ', 'Additive', '0000-00-00', '', 0, 0, '0.000000', '0.000000', '0.000000', '', ''),
(324, '07370', 'PURWADI ', '', '0000-00-00', '', 'Operator ', 'Additive', '0000-00-00', '', 0, 0, '0.000000', '0.000000', '0.000000', '', ''),
(325, '05476', 'SISWARNO', '', '0000-00-00', '', 'Operator ', 'Additive', '0000-00-00', '', 0, 0, '0.000000', '0.000000', '0.000000', '', ''),
(326, '10748', 'SODRUN ', '', '0000-00-00', '', 'Kashift', 'Additive', '0000-00-00', '', 0, 0, '0.000000', '0.000000', '0.000000', '', ''),
(327, '06895', 'SUBCHAN', '', '0000-00-00', '', 'Operator ', 'Additive', '0000-00-00', '', 0, 0, '0.000000', '0.000000', '0.000000', '', ''),
(328, '04887', 'SUJATNO', '', '0000-00-00', '', 'Kashift', 'Additive', '0000-00-00', '', 0, 0, '0.000000', '0.000000', '0.000000', '', ''),
(329, '10359', 'SUSANTO', '', '0000-00-00', '', 'Operator ', 'Additive', '0000-00-00', '', 0, 0, '0.000000', '0.000000', '0.000000', '', ''),
(330, '10778', 'SUTRIMAN', '', '0000-00-00', '', 'Operator ', 'Additive', '0000-00-00', '', 0, 0, '0.000000', '0.000000', '0.000000', '', ''),
(331, '05917', 'SYOFI\'I', '', '0000-00-00', '', 'Operator ', 'Additive', '0000-00-00', '', 0, 0, '0.000000', '0.000000', '0.000000', '', ''),
(332, '05785', 'TEGUH PRIYANTO', '', '0000-00-00', '', 'Operator ', 'Additive', '0000-00-00', '', 0, 0, '0.000000', '0.000000', '0.000000', '', ''),
(333, '05028', 'TUMAJI', '', '0000-00-00', '', 'Kashift', 'Additive', '0000-00-00', '', 0, 0, '0.000000', '0.000000', '0.000000', '', ''),
(334, '07704', 'BUDI CAHYO WIBOWO', '', '0000-00-00', '', 'Manajer', 'Finance', '0000-00-00', '', 96, 93, '0.487000', '0.259000', '0.396000', '', ''),
(335, '11223', 'CHRISTIAN PRAMANA', '', '0000-00-00', '', 'Manajer', 'Finance', '0000-00-00', '', 100, 93, '0.497000', '0.259000', '0.402000', '', ''),
(336, '93112', 'ELSA JAYADI FITRIANTO', '', '0000-00-00', '', 'Staff', 'Finance', '0000-00-00', '', 0, 0, '0.000000', '0.000000', '0.000000', '', ''),
(337, '09199', 'IDA FARIANA', '', '0000-00-00', '', 'Staff  ', 'Finance', '0000-00-00', '', 0, 0, '0.000000', '0.000000', '0.000000', '', ''),
(338, '93094', 'MARIA DWI JAYANTI', '', '0000-00-00', '', 'Staff  ', 'Finance', '0000-00-00', '', 0, 0, '0.000000', '0.000000', '0.000000', '', ''),
(339, '10759', 'MIKAEL KRISHNA WIWAHA', '', '0000-00-00', '', 'Staff  ', 'Finance', '0000-00-00', '', 0, 0, '0.000000', '0.000000', '0.000000', '', ''),
(340, '06174', 'MISTIYAH', '', '0000-00-00', '', 'Staff  ', 'Finance', '0000-00-00', '', 0, 0, '0.000000', '0.000000', '0.000000', '', ''),
(341, '94333', 'NICOLAS HUTASOIT', '', '0000-00-00', '', 'Staff  ', 'Finance', '0000-00-00', '', 0, 0, '0.000000', '0.000000', '0.000000', '', ''),
(342, '94351', 'NINDYA PRAMATYASWARI', '', '0000-00-00', '', 'Staff  ', 'Finance', '0000-00-00', '', 0, 0, '0.000000', '0.000000', '0.000000', '', ''),
(343, '05250', 'SRI PONIYATI', '', '0000-00-00', '', 'Staff  ', 'Finance', '0000-00-00', '', 0, 0, '0.000000', '0.000000', '0.000000', '', ''),
(344, '05903', 'SRI SIAMI', '', '0000-00-00', '', 'Staff  ', 'Finance', '0000-00-00', '', 0, 0, '0.000000', '0.000000', '0.000000', '', ''),
(345, '02365', 'SULASTRI', '', '0000-00-00', '', 'Staff  ', 'Finance', '0000-00-00', '', 0, 0, '0.000000', '0.000000', '0.000000', '', ''),
(346, '05106', 'SUPRIYO HUTOMO', '', '0000-00-00', '', 'Manajer', 'Finance', '0000-00-00', '', 92, 80, '0.440000', '0.182000', '0.337000', '', ''),
(347, '04721', 'SYAFAATUN', '', '0000-00-00', '', 'Staff  ', 'Finance', '0000-00-00', '', 0, 0, '0.000000', '0.000000', '0.000000', '', '');
INSERT INTO `karyawan` (`id_karyawan`, `no_karyawan`, `nama_karyawan`, `tempat_lahir`, `tanggal_lahir`, `jenis_kelamin`, `jabatan`, `divisi`, `tanggal_masuk`, `pendidikan`, `nilai`, `absen`, `final_nilai`, `final_absen`, `final_total`, `created_by`, `ip_access`) VALUES
(348, '93131', 'ERMANU HANINDITYO', '', '0000-00-00', 'Laki-laki', 'Kabid', 'HR-GA', '0000-00-00', 'SD', 0, 0, '0.000000', '0.000000', '0.000000', '', ''),
(349, '05729', 'Adi Burnadi', '', '0000-00-00', 'Laki-laki', 'Operator', 'Laborat', '0000-00-00', 'SD', 0, 0, '0.000000', '0.000000', '0.000000', 'adminhr', '127.0.0.1');

--
-- Triggers `karyawan`
--
DELIMITER $$
CREATE TRIGGER `insert_karyawan` AFTER INSERT ON `karyawan` FOR EACH ROW BEGIN
    INSERT INTO log_activity
    SET 
    change_by = NEW.created_by,
    ip_access = NEW.ip_access,
    logs = 'Mengubah Data',
    value_before = '-',
    value_after = '-',
    date_changed = NOW(); 
END
$$
DELIMITER ;

-- --------------------------------------------------------

--
-- Table structure for table `kriteria`
--

CREATE TABLE `kriteria` (
  `id_kriteria` int(3) NOT NULL,
  `nama_kriteria` text NOT NULL,
  `jumlah_kriteria` decimal(18,16) NOT NULL,
  `ket_nil1` text NOT NULL,
  `ket_nil2` text NOT NULL,
  `ket_nil3` text NOT NULL,
  `ket_nil4` text NOT NULL,
  `ket_nil5` text NOT NULL
) ENGINE=InnoDB DEFAULT CHARSET=latin1;

--
-- Dumping data for table `kriteria`
--

INSERT INTO `kriteria` (`id_kriteria`, `nama_kriteria`, `jumlah_kriteria`, `ket_nil1`, `ket_nil2`, `ket_nil3`, `ket_nil4`, `ket_nil5`) VALUES
(1, 'Kualitas Kerja', '1.9831700000000000', 'Hasil kerja mengecewakan/ target tidak terpenuhi, sering membuat kesalahan', 'Hasil masih kurang dan sering membuat kesalahan', 'Hasil pekerjaan cukup/ target terpenuhi', 'Hasil kerja baik dan memenuhi target terpenuhi', 'Hasil kerja sangat memuaskan dan melebihi target'),
(2, 'Kreatifitas', '0.8037200000000000', 'Sering mengeluh mengenai sarana, prasaran dan fasilitas', 'Hanya melakukan rutinitas perkerjaan tanpa mengeluh', 'Memahami proses kerjanya sehari-hari dan menyampaikan ide untuk memaksimalkan kinerjanya', 'Mampu menerapkan ide/ gagasan baru dalam pekerjaannya', 'Memiliki terobosan/ inovasi baru yang berdampak positif dalam pekerjaanny'),
(3, 'Tanggung Jawab', '4.6231400000000000', 'Seringkali lalai terhadap pekerjaan, acuh dan kurang bertanggung jawab', 'Hanya memenuhi tangung jawab pekerjaan apabila diperintah oleh atasan', 'Memenuhi tanggung jawab pekerjaan sesuai standar tugas yang ditetapkan', 'Selalu menyelesaikan pekerjaan dengan tuntas dan tepat waktu tanpa diminta', 'Memiliki rasa tanggung jawab kolektif, mendukung orang lain untuk memenuhi tanggung jawab'),
(4, 'Kerjasama', '0.2497100000000000', 'Pasif dan kurang memiliki partisipasi', 'Ikut berpartisipasi secara pasif', 'Berpartisipasi aktif dan menjalin komunikasi yang positif dengan orang lain', 'Berkomunikasi dan mengeluarkan ide-ide dalam menjalankan tugas dengan orang lain', 'Menunjukkan semangat dalam menjalankan tugas dan memberi motivasi kepada orang lain'),
(5, 'Perilaku Kerja', '0.2184000000000000', 'Perilaku indisipliner, perbuatan diluar norma kesopanan hingga mengganggu situasi kerja', 'Sesekali melakukan perilaku indisipliner dan kurang pantas, tapi masih dalam batas toleransi', 'Selalu menampilkan perilaku positif dalam lingkungan kerja', 'Menampilkan sikap dan perilaku yang pantas diteladani rekan-rekan kerja lainnya', 'Selalu menampilkan perilaku positif dan mampu mempengaruhi orang lain untuk ikut berperilaku positif');

-- --------------------------------------------------------

--
-- Table structure for table `kriteria_kbid`
--

CREATE TABLE `kriteria_kbid` (
  `id_kriteria` int(3) NOT NULL,
  `nama_kriteria` text NOT NULL,
  `jumlah_kriteria` decimal(18,16) NOT NULL,
  `ket_nil1` text NOT NULL,
  `ket_nil2` text NOT NULL,
  `ket_nil3` text NOT NULL,
  `ket_nil4` text NOT NULL,
  `ket_nil5` text NOT NULL
) ENGINE=InnoDB DEFAULT CHARSET=latin1;

--
-- Dumping data for table `kriteria_kbid`
--

INSERT INTO `kriteria_kbid` (`id_kriteria`, `nama_kriteria`, `jumlah_kriteria`, `ket_nil1`, `ket_nil2`, `ket_nil3`, `ket_nil4`, `ket_nil5`) VALUES
(1, 'Kualitas Kerja', '3.5294300000000000', 'Hasil kerja mengecewakan/ target tidak terpenuhi, sering membuat kesalahan', 'Hasil masih kurang dan sering membuat kesalahan', 'Hasil pekerjaan cukup/ target terpenuhi', 'Hasil kerja baik dan memenuhi target terpenuhi', 'Hasil kerja sangat memuaskan dan melebihi target'),
(2, 'Kreatifitas', '2.2884800000000000', 'Sering mengeluh mengenai sarana, prasaran dan fasilitas', 'Hanya melakukan rutinitas perkerjaan tanpa mengeluh', 'Memahami proses kerjanya sehari-hari dan menyampaikan ide untuk memaksimalkan kinerjanya', 'Mampu menerapkan ide/ gagasan baru dalam pekerjaannya', 'Memiliki terobosan/ inovasi baru yang berdampak positif dalam pekerjaanny'),
(3, 'Tanggung Jawab', '1.3520600000000000', 'Seringkali lalai terhadap pekerjaan, acuh dan kurang bertanggung jawab', 'Hanya memenuhi tangung jawab pekerjaan apabila diperintah oleh atasan', 'Memenuhi tanggung jawab pekerjaan sesuai standar tugas yang ditetapkan', 'Selalu menyelesaikan pekerjaan dengan tuntas dan tepat waktu tanpa diminta', 'Memiliki rasa tanggung jawab kolektif, mendukung orang lain untuk memenuhi tanggung jawab'),
(4, 'Kerjasama', '1.1918900000000000', 'Pasif dan kurang memiliki partisipasi', 'Ikut berpartisipasi secara pasif', 'Berpartisipasi aktif dan menjalin komunikasi yang positif dengan orang lain', 'Berkomunikasi dan mengeluarkan ide-ide dalam menjalankan tugas dengan orang lain', 'Menunjukkan semangat dalam menjalankan tugas dan memberi motivasi kepada orang lain'),
(5, 'Perilaku Kerja', '1.3719200000000000', 'Perilaku indisipliner, perbuatan diluar norma kesopanan hingga mengganggu situasi kerja', 'Sesekali melakukan perilaku indisipliner dan kurang pantas, tapi masih dalam batas toleransi', 'Selalu menampilkan perilaku positif dalam lingkungan kerja', 'Menampilkan sikap dan perilaku yang pantas diteladani rekan-rekan kerja lainnya', 'Selalu menampilkan perilaku positif dan mampu mempengaruhi orang lain untuk ikut berperilaku positif');

-- --------------------------------------------------------

--
-- Table structure for table `kriteria_oper`
--

CREATE TABLE `kriteria_oper` (
  `id_kriteria` int(3) NOT NULL,
  `nama_kriteria` text NOT NULL,
  `jumlah_kriteria` decimal(18,16) NOT NULL,
  `ket_nil1` text NOT NULL,
  `ket_nil2` text NOT NULL,
  `ket_nil3` text NOT NULL,
  `ket_nil4` text NOT NULL,
  `ket_nil5` text NOT NULL
) ENGINE=InnoDB DEFAULT CHARSET=latin1;

--
-- Dumping data for table `kriteria_oper`
--

INSERT INTO `kriteria_oper` (`id_kriteria`, `nama_kriteria`, `jumlah_kriteria`, `ket_nil1`, `ket_nil2`, `ket_nil3`, `ket_nil4`, `ket_nil5`) VALUES
(1, 'Kualitas Kerja', '5.3671400000000000', 'Hasil kerja mengecewakan/ target tidak terpenuhi, sering membuat kesalahan', 'Hasil masih kurang dan sering membuat kesalahan', 'Hasil pekerjaan cukup/ target terpenuhi', 'Hasil kerja baik dan memenuhi target terpenuhi', 'Hasil kerja sangat memuaskan dan melebihi target'),
(2, 'Kreatifitas', '2.6994200000000000', 'Sering mengeluh mengenai sarana, prasaran dan fasilitas', 'Hanya melakukan rutinitas perkerjaan tanpa mengeluh', 'Memahami proses kerjanya sehari-hari dan menyampaikan ide untuk memaksimalkan kinerjanya', 'Mampu menerapkan ide/ gagasan baru dalam pekerjaannya', 'Memiliki terobosan/ inovasi baru yang berdampak positif dalam pekerjaanny'),
(3, 'Tanggung Jawab', '1.2597400000000000', 'Seringkali lalai terhadap pekerjaan, acuh dan kurang bertanggung jawab', 'Hanya memenuhi tangung jawab pekerjaan apabila diperintah oleh atasan', 'Memenuhi tanggung jawab pekerjaan sesuai standar tugas yang ditetapkan', 'Selalu menyelesaikan pekerjaan dengan tuntas dan tepat waktu tanpa diminta', 'Memiliki rasa tanggung jawab kolektif, mendukung orang lain untuk memenuhi tanggung jawab'),
(4, 'Kerjasama', '0.4729700000000000', 'Pasif dan kurang memiliki partisipasi', 'Ikut berpartisipasi secara pasif', 'Berpartisipasi aktif dan menjalin komunikasi yang positif dengan orang lain', 'Berkomunikasi dan mengeluarkan ide-ide dalam menjalankan tugas dengan orang lain', 'Menunjukkan semangat dalam menjalankan tugas dan memberi motivasi kepada orang lain'),
(5, 'Perilaku Kerja', '0.1581100000000000', 'Perilaku indisipliner, perbuatan diluar norma kesopanan hingga mengganggu situasi kerja', 'Sesekali melakukan perilaku indisipliner dan kurang pantas, tapi masih dalam batas toleransi', 'Selalu menampilkan perilaku positif dalam lingkungan kerja', 'Menampilkan sikap dan perilaku yang pantas diteladani rekan-rekan kerja lainnya', 'Selalu menampilkan perilaku positif dan mampu mempengaruhi orang lain untuk ikut berperilaku positif');

-- --------------------------------------------------------

--
-- Table structure for table `log_activity`
--

CREATE TABLE `log_activity` (
  `change_by` text NOT NULL,
  `ip_access` text NOT NULL,
  `logs` text NOT NULL,
  `value_before` text NOT NULL,
  `value_after` text NOT NULL,
  `date_changed` timestamp NOT NULL DEFAULT CURRENT_TIMESTAMP ON UPDATE CURRENT_TIMESTAMP
) ENGINE=InnoDB DEFAULT CHARSET=latin1;

--
-- Dumping data for table `log_activity`
--

INSERT INTO `log_activity` (`change_by`, `ip_access`, `logs`, `value_before`, `value_after`, `date_changed`) VALUES
('adminhr', '127.0.0.1', 'Mengubah Data', '-', '-', '2018-10-20 03:28:03'),
('adminhr', '127.0.0.1', 'Mengubah Data', '-', '-', '2018-10-23 12:41:47');

-- --------------------------------------------------------

--
-- Table structure for table `nilai`
--

CREATE TABLE `nilai` (
  `id_nilai` int(11) NOT NULL,
  `jum_nilai` double NOT NULL,
  `ket_nilai` text NOT NULL
) ENGINE=InnoDB DEFAULT CHARSET=latin1;

--
-- Dumping data for table `nilai`
--

INSERT INTO `nilai` (`id_nilai`, `jum_nilai`, `ket_nilai`) VALUES
(1, 9, 'Mutlak Sangat Penting'),
(2, 7, 'Mendekati Sangat Penting'),
(3, 5, 'Lebih Penting'),
(4, 3, 'Sedikit Lebih Penting'),
(5, 1, 'Sama Penting'),
(6, 0.3333333333333333, 'Sedikit Kurang Penting'),
(7, 0.2, 'Kurang Penting'),
(8, 0.14285714285714285, 'Mendekati Tidak Penting'),
(9, 0.1111111111111111, 'Mutlak Tidak Penting');

-- --------------------------------------------------------

--
-- Table structure for table `nilai_karyawan`
--

CREATE TABLE `nilai_karyawan` (
  `id_nilK` int(3) NOT NULL,
  `valu_nilK` int(3) NOT NULL,
  `krit_nilK` text NOT NULL
) ENGINE=InnoDB DEFAULT CHARSET=latin1;

--
-- Dumping data for table `nilai_karyawan`
--

INSERT INTO `nilai_karyawan` (`id_nilK`, `valu_nilK`, `krit_nilK`) VALUES
(1, 100, 'Sangat Baik'),
(2, 80, 'Baik'),
(3, 60, 'Cukup'),
(4, 40, 'Buruk'),
(5, 20, 'Sangat Buruk');

-- --------------------------------------------------------

--
-- Table structure for table `user`
--

CREATE TABLE `user` (
  `id_user` int(3) NOT NULL,
  `username` text NOT NULL,
  `password` text NOT NULL,
  `divisi` text NOT NULL,
  `levels` int(3) NOT NULL
) ENGINE=InnoDB DEFAULT CHARSET=latin1;

--
-- Dumping data for table `user`
--

INSERT INTO `user` (`id_user`, `username`, `password`, `divisi`, `levels`) VALUES
(1, 'adminhr', '996b4fd6f4257b6a6d7b99b12504705d1cd644718806ce9ecc3ceac8bf4d37b6', '', 0),
(2, 'kabidhr', 'kabidhr', 'HR-GA', 2),
(3, 'kabidprod5', 'kabidprod5', 'Produksi-PM5', 2),
(4, 'kabidlaborat', 'kabidlaborat', 'Laborat', 2),
(5, 'manajerhr', '795213bd63bc823d913f5dee0dad644c5c60f328b9967e839e75f95d295c8856', 'HR-GA', 1),
(6, 'kabidpm5', 'kabidpm5', 'Produksi-PM5', 2),
(7, 'pimpinan569', 'f68890edec487572461784baa588ededc046f3639c47c60095a3170df650df99', '', -1),
(8, 'manajerprod5', 'manajerprod5', 'Produksi-PM5', 1),
(9, 'manajerlaborat', 'manajerlaborat', 'Laborat', 1),
(10, 'kabidadditive', '996b4fd6f4257b6a6d7b99b12504705d1cd644718806ce9ecc3ceac8bf4d37b6', 'Produksi-PM5', 1);

-- --------------------------------------------------------

--
-- Stand-in structure for view `v_ranking`
-- (See below for the actual view)
--
CREATE TABLE `v_ranking` (
`BAIK_SEKALI` decimal(22,0)
,`BAIK` decimal(22,0)
,`CUKUP` decimal(22,0)
,`KURANG` decimal(22,0)
,`KURANG_SEKALI` decimal(22,0)
);

-- --------------------------------------------------------

--
-- Structure for view `v_ranking`
--
DROP TABLE IF EXISTS `v_ranking`;

CREATE ALGORITHM=UNDEFINED DEFINER=`root`@`localhost` SQL SECURITY DEFINER VIEW `v_ranking`  AS  select round((count(0) * 0.1),0) AS `BAIK_SEKALI`,round((count(0) * 0.2),0) AS `BAIK`,round((count(0) * 0.4),0) AS `CUKUP`,round((count(0) * 0.2),0) AS `KURANG`,round((count(0) * 0.1),0) AS `KURANG_SEKALI` from `karyawan` where (ucase(`karyawan`.`jabatan`) like '%MANAJER%') ;

--
-- Indexes for dumped tables
--

--
-- Indexes for table `bagian_divisi`
--
ALTER TABLE `bagian_divisi`
  ADD PRIMARY KEY (`id_bagian`);

--
-- Indexes for table `detail_karyawan`
--
ALTER TABLE `detail_karyawan`
  ADD KEY `FK_ID_KARYAWAN` (`id_karyawan`);

--
-- Indexes for table `jabatan`
--
ALTER TABLE `jabatan`
  ADD PRIMARY KEY (`id_jabatan`);

--
-- Indexes for table `karyawan`
--
ALTER TABLE `karyawan`
  ADD PRIMARY KEY (`id_karyawan`);

--
-- Indexes for table `kriteria`
--
ALTER TABLE `kriteria`
  ADD PRIMARY KEY (`id_kriteria`);

--
-- Indexes for table `kriteria_kbid`
--
ALTER TABLE `kriteria_kbid`
  ADD PRIMARY KEY (`id_kriteria`);

--
-- Indexes for table `kriteria_oper`
--
ALTER TABLE `kriteria_oper`
  ADD PRIMARY KEY (`id_kriteria`);

--
-- Indexes for table `nilai`
--
ALTER TABLE `nilai`
  ADD PRIMARY KEY (`id_nilai`);

--
-- Indexes for table `nilai_karyawan`
--
ALTER TABLE `nilai_karyawan`
  ADD PRIMARY KEY (`id_nilK`);

--
-- Indexes for table `user`
--
ALTER TABLE `user`
  ADD PRIMARY KEY (`id_user`);

--
-- AUTO_INCREMENT for dumped tables
--

--
-- AUTO_INCREMENT for table `bagian_divisi`
--
ALTER TABLE `bagian_divisi`
  MODIFY `id_bagian` int(3) NOT NULL AUTO_INCREMENT, AUTO_INCREMENT=31;

--
-- AUTO_INCREMENT for table `jabatan`
--
ALTER TABLE `jabatan`
  MODIFY `id_jabatan` int(3) NOT NULL AUTO_INCREMENT, AUTO_INCREMENT=7;

--
-- AUTO_INCREMENT for table `karyawan`
--
ALTER TABLE `karyawan`
  MODIFY `id_karyawan` int(11) NOT NULL AUTO_INCREMENT, AUTO_INCREMENT=350;

--
-- AUTO_INCREMENT for table `nilai`
--
ALTER TABLE `nilai`
  MODIFY `id_nilai` int(11) NOT NULL AUTO_INCREMENT, AUTO_INCREMENT=10;

--
-- AUTO_INCREMENT for table `nilai_karyawan`
--
ALTER TABLE `nilai_karyawan`
  MODIFY `id_nilK` int(3) NOT NULL AUTO_INCREMENT, AUTO_INCREMENT=6;

--
-- AUTO_INCREMENT for table `user`
--
ALTER TABLE `user`
  MODIFY `id_user` int(3) NOT NULL AUTO_INCREMENT, AUTO_INCREMENT=11;

--
-- Constraints for dumped tables
--

--
-- Constraints for table `detail_karyawan`
--
ALTER TABLE `detail_karyawan`
  ADD CONSTRAINT `FK_ID_KARYAWAN` FOREIGN KEY (`id_karyawan`) REFERENCES `karyawan` (`id_karyawan`) ON DELETE NO ACTION ON UPDATE NO ACTION;
COMMIT;

/*!40101 SET CHARACTER_SET_CLIENT=@OLD_CHARACTER_SET_CLIENT */;
/*!40101 SET CHARACTER_SET_RESULTS=@OLD_CHARACTER_SET_RESULTS */;
/*!40101 SET COLLATION_CONNECTION=@OLD_COLLATION_CONNECTION */;
